--------------------------------------------------------
--  File created - Tuesday-June-27-2023   
--------------------------------------------------------
--------------------------------------------------------
--  DDL for Type ADDRESSTYPE
--------------------------------------------------------

  CREATE OR REPLACE TYPE "UMS"."ADDRESSTYPE" AS OBJECT (
  VILLAGE VARCHAR2(255),
  THANA VARCHAR2(255),
  DISTRICT VARCHAR2(255)
);

/
--------------------------------------------------------
--  DDL for Sequence LEAVEIDSEQ
--------------------------------------------------------

   CREATE SEQUENCE  "UMS"."LEAVEIDSEQ"  MINVALUE 1 MAXVALUE 9999999999999999999999999999 INCREMENT BY 1 START WITH 81 CACHE 20 NOORDER  NOCYCLE ;
--------------------------------------------------------
--  DDL for Sequence MEDICALIDSEQ
--------------------------------------------------------

   CREATE SEQUENCE  "UMS"."MEDICALIDSEQ"  MINVALUE 1 MAXVALUE 9999999999999999999999999999 INCREMENT BY 1 START WITH 41 CACHE 20 NOORDER  NOCYCLE ;
--------------------------------------------------------
--  DDL for Sequence PUNISHMENTSEQ
--------------------------------------------------------

   CREATE SEQUENCE  "UMS"."PUNISHMENTSEQ"  MINVALUE 1 MAXVALUE 9999999999999999999999999999 INCREMENT BY 1 START WITH 121 CACHE 20 NOORDER  NOCYCLE ;
--------------------------------------------------------
--  DDL for Sequence SOLDIER_SEQ
--------------------------------------------------------

   CREATE SEQUENCE  "UMS"."SOLDIER_SEQ"  MINVALUE 1 MAXVALUE 9999999999999999999999999999 INCREMENT BY 1 START WITH 1 CACHE 20 NOORDER  NOCYCLE ;
--------------------------------------------------------
--  DDL for Sequence TEAMIDSEC
--------------------------------------------------------

   CREATE SEQUENCE  "UMS"."TEAMIDSEC"  MINVALUE 1 MAXVALUE 9999999999999999999999999999 INCREMENT BY 1 START WITH 1 CACHE 20 NOORDER  NOCYCLE ;
--------------------------------------------------------
--  DDL for Sequence TEAMIDSEQ
--------------------------------------------------------

   CREATE SEQUENCE  "UMS"."TEAMIDSEQ"  MINVALUE 1 MAXVALUE 9999999999999999999999999999 INCREMENT BY 1 START WITH 41 CACHE 20 NOORDER  NOCYCLE ;
--------------------------------------------------------
--  DDL for Table ADVANCETRAINING
--------------------------------------------------------

  CREATE TABLE "UMS"."ADVANCETRAINING" 
   (	"CADREID" NUMBER, 
	"NAME" VARCHAR2(255 BYTE), 
	"TRAININGSTARTDATE" DATE, 
	"TRAININGENDDATE" DATE, 
	"TRAININGOIC" VARCHAR2(255 BYTE), 
	"INSTRUCTOR" VARCHAR2(255 BYTE), 
	"RESULT" VARCHAR2(255 BYTE)
   ) SEGMENT CREATION IMMEDIATE 
  PCTFREE 10 PCTUSED 40 INITRANS 1 MAXTRANS 255 NOCOMPRESS LOGGING
  STORAGE(INITIAL 65536 NEXT 1048576 MINEXTENTS 1 MAXEXTENTS 2147483645
  PCTINCREASE 0 FREELISTS 1 FREELIST GROUPS 1 BUFFER_POOL DEFAULT FLASH_CACHE DEFAULT CELL_FLASH_CACHE DEFAULT)
  TABLESPACE "USERS" ;
--------------------------------------------------------
--  DDL for Table APPOINTMENTS
--------------------------------------------------------

  CREATE TABLE "UMS"."APPOINTMENTS" 
   (	"APPOINTMENTID" NUMBER, 
	"APPOINTMENTNAME" VARCHAR2(255 BYTE)
   ) SEGMENT CREATION IMMEDIATE 
  PCTFREE 10 PCTUSED 40 INITRANS 1 MAXTRANS 255 NOCOMPRESS LOGGING
  STORAGE(INITIAL 65536 NEXT 1048576 MINEXTENTS 1 MAXEXTENTS 2147483645
  PCTINCREASE 0 FREELISTS 1 FREELIST GROUPS 1 BUFFER_POOL DEFAULT FLASH_CACHE DEFAULT CELL_FLASH_CACHE DEFAULT)
  TABLESPACE "USERS" ;
--------------------------------------------------------
--  DDL for Table AUTHORIZATION
--------------------------------------------------------

  CREATE TABLE "UMS"."AUTHORIZATION" 
   (	"MANPOWER" NUMBER, 
	"COMPANYID" NUMBER
   ) SEGMENT CREATION IMMEDIATE 
  PCTFREE 10 PCTUSED 40 INITRANS 1 MAXTRANS 255 NOCOMPRESS LOGGING
  STORAGE(INITIAL 65536 NEXT 1048576 MINEXTENTS 1 MAXEXTENTS 2147483645
  PCTINCREASE 0 FREELISTS 1 FREELIST GROUPS 1 BUFFER_POOL DEFAULT FLASH_CACHE DEFAULT CELL_FLASH_CACHE DEFAULT)
  TABLESPACE "USERS" ;
--------------------------------------------------------
--  DDL for Table BASICTRAINING
--------------------------------------------------------

  CREATE TABLE "UMS"."BASICTRAINING" 
   (	"TRAININGID" NUMBER, 
	"TRAININGCODE" VARCHAR2(255 BYTE), 
	"TRAININGNAME" VARCHAR2(255 BYTE)
   ) SEGMENT CREATION IMMEDIATE 
  PCTFREE 10 PCTUSED 40 INITRANS 1 MAXTRANS 255 NOCOMPRESS LOGGING
  STORAGE(INITIAL 65536 NEXT 1048576 MINEXTENTS 1 MAXEXTENTS 2147483645
  PCTINCREASE 0 FREELISTS 1 FREELIST GROUPS 1 BUFFER_POOL DEFAULT FLASH_CACHE DEFAULT CELL_FLASH_CACHE DEFAULT)
  TABLESPACE "USERS" ;
--------------------------------------------------------
--  DDL for Table CARRIERPLAN
--------------------------------------------------------

  CREATE TABLE "UMS"."CARRIERPLAN" 
   (	"SOLDIERID" NUMBER(7,0), 
	"FIRSTCYCLE" VARCHAR2(255 BYTE), 
	"SECONDCYCLE" VARCHAR2(255 BYTE), 
	"THIRDCYCLE" VARCHAR2(255 BYTE), 
	"FOURTHCYCLE" VARCHAR2(255 BYTE)
   ) SEGMENT CREATION IMMEDIATE 
  PCTFREE 10 PCTUSED 40 INITRANS 1 MAXTRANS 255 NOCOMPRESS LOGGING
  STORAGE(INITIAL 65536 NEXT 1048576 MINEXTENTS 1 MAXEXTENTS 2147483645
  PCTINCREASE 0 FREELISTS 1 FREELIST GROUPS 1 BUFFER_POOL DEFAULT FLASH_CACHE DEFAULT CELL_FLASH_CACHE DEFAULT)
  TABLESPACE "USERS" ;
--------------------------------------------------------
--  DDL for Table COMPANY
--------------------------------------------------------

  CREATE TABLE "UMS"."COMPANY" 
   (	"COMPANYID" NUMBER, 
	"COMPANYNAME" VARCHAR2(255 BYTE)
   ) SEGMENT CREATION IMMEDIATE 
  PCTFREE 10 PCTUSED 40 INITRANS 1 MAXTRANS 255 NOCOMPRESS LOGGING
  STORAGE(INITIAL 65536 NEXT 1048576 MINEXTENTS 1 MAXEXTENTS 2147483645
  PCTINCREASE 0 FREELISTS 1 FREELIST GROUPS 1 BUFFER_POOL DEFAULT FLASH_CACHE DEFAULT CELL_FLASH_CACHE DEFAULT)
  TABLESPACE "USERS" ;
--------------------------------------------------------
--  DDL for Table CONTACTNUMBER
--------------------------------------------------------

  CREATE TABLE "UMS"."CONTACTNUMBER" 
   (	"SOLDIERID" NUMBER, 
	"CONTACTNUMBER" VARCHAR2(11 BYTE)
   ) SEGMENT CREATION IMMEDIATE 
  PCTFREE 10 PCTUSED 40 INITRANS 1 MAXTRANS 255 NOCOMPRESS LOGGING
  STORAGE(INITIAL 65536 NEXT 1048576 MINEXTENTS 1 MAXEXTENTS 2147483645
  PCTINCREASE 0 FREELISTS 1 FREELIST GROUPS 1 BUFFER_POOL DEFAULT FLASH_CACHE DEFAULT CELL_FLASH_CACHE DEFAULT)
  TABLESPACE "USERS" ;
--------------------------------------------------------
--  DDL for Table LEAVEMODULE
--------------------------------------------------------

  CREATE TABLE "UMS"."LEAVEMODULE" 
   (	"LEAVEID" NUMBER, 
	"SOLDIERID" NUMBER, 
	"LEAVETYPE" VARCHAR2(255 BYTE), 
	"LEAVESTARTDATE" DATE, 
	"LEAVEENDDATE" DATE
   ) SEGMENT CREATION IMMEDIATE 
  PCTFREE 10 PCTUSED 40 INITRANS 1 MAXTRANS 255 NOCOMPRESS LOGGING
  STORAGE(INITIAL 65536 NEXT 1048576 MINEXTENTS 1 MAXEXTENTS 2147483645
  PCTINCREASE 0 FREELISTS 1 FREELIST GROUPS 1 BUFFER_POOL DEFAULT FLASH_CACHE DEFAULT CELL_FLASH_CACHE DEFAULT)
  TABLESPACE "USERS" ;
--------------------------------------------------------
--  DDL for Table MEDICALINFO
--------------------------------------------------------

  CREATE TABLE "UMS"."MEDICALINFO" 
   (	"MEDICALID" NUMBER, 
	"SOLDIERID" NUMBER, 
	"DISPOSALTYPE" VARCHAR2(255 BYTE), 
	"STARTDATE" DATE, 
	"ENDDATE" DATE, 
	"REASON" VARCHAR2(255 BYTE)
   ) SEGMENT CREATION IMMEDIATE 
  PCTFREE 10 PCTUSED 40 INITRANS 1 MAXTRANS 255 NOCOMPRESS LOGGING
  STORAGE(INITIAL 65536 NEXT 1048576 MINEXTENTS 1 MAXEXTENTS 2147483645
  PCTINCREASE 0 FREELISTS 1 FREELIST GROUPS 1 BUFFER_POOL DEFAULT FLASH_CACHE DEFAULT CELL_FLASH_CACHE DEFAULT)
  TABLESPACE "USERS" ;
--------------------------------------------------------
--  DDL for Table PUNISHMENT
--------------------------------------------------------

  CREATE TABLE "UMS"."PUNISHMENT" 
   (	"PUNISHMENTID" NUMBER, 
	"SOLDIERID" NUMBER, 
	"PUNISHMENT" VARCHAR2(255 BYTE), 
	"REASON" VARCHAR2(255 BYTE), 
	"PUNISHMENTDATE" DATE
   ) SEGMENT CREATION IMMEDIATE 
  PCTFREE 10 PCTUSED 40 INITRANS 1 MAXTRANS 255 NOCOMPRESS LOGGING
  STORAGE(INITIAL 65536 NEXT 1048576 MINEXTENTS 1 MAXEXTENTS 2147483645
  PCTINCREASE 0 FREELISTS 1 FREELIST GROUPS 1 BUFFER_POOL DEFAULT FLASH_CACHE DEFAULT CELL_FLASH_CACHE DEFAULT)
  TABLESPACE "USERS" ;
--------------------------------------------------------
--  DDL for Table RANKS
--------------------------------------------------------

  CREATE TABLE "UMS"."RANKS" 
   (	"RANKID" NUMBER, 
	"RANK" VARCHAR2(255 BYTE)
   ) SEGMENT CREATION IMMEDIATE 
  PCTFREE 10 PCTUSED 40 INITRANS 1 MAXTRANS 255 NOCOMPRESS LOGGING
  STORAGE(INITIAL 65536 NEXT 1048576 MINEXTENTS 1 MAXEXTENTS 2147483645
  PCTINCREASE 0 FREELISTS 1 FREELIST GROUPS 1 BUFFER_POOL DEFAULT FLASH_CACHE DEFAULT CELL_FLASH_CACHE DEFAULT)
  TABLESPACE "USERS" ;
--------------------------------------------------------
--  DDL for Table SOLDIER
--------------------------------------------------------

  CREATE TABLE "UMS"."SOLDIER" 
   (	"SOLDIERID" NUMBER(7,0), 
	"PASSWORD" NUMBER(8,0), 
	"NAME" VARCHAR2(255 BYTE), 
	"MARITALSTATUS" VARCHAR2(255 BYTE), 
	"BLOODGROUP" VARCHAR2(255 BYTE), 
	"WEIGHT" NUMBER, 
	"HEIGHT" NUMBER, 
	"RELIGION" VARCHAR2(255 BYTE), 
	"DATEOFBIRTH" DATE, 
	"GENDER" VARCHAR2(255 BYTE), 
	"LIVINGSTATUS" VARCHAR2(255 BYTE), 
	"VILLAGE" VARCHAR2(255 BYTE), 
	"THANA" VARCHAR2(255 BYTE), 
	"DISTRICT" VARCHAR2(255 BYTE), 
	"DATEOFENROLL" DATE, 
	"TRADEID" NUMBER, 
	"RANKID" NUMBER, 
	"COMPANYID" NUMBER, 
	"ISPRESENT" NUMBER GENERATED ALWAYS AS ("UMS"."CALCULATEISPRESENT"("SOLDIERID")) VIRTUAL VISIBLE , 
	"TEMPORARYCOMMAND" VARCHAR2(255 BYTE) DEFAULT 'No', 
	"ERE" VARCHAR2(255 BYTE) DEFAULT 'No', 
	"SERVINGSTATUS" VARCHAR2(255 BYTE) DEFAULT 'Serving', 
	"ACCESSROLE" VARCHAR2(255 BYTE) DEFAULT 'Soldier', 
	"AGE" NUMBER GENERATED ALWAYS AS ("UMS"."CALCULATEAGE"("DATEOFBIRTH")) VIRTUAL VISIBLE 
   ) SEGMENT CREATION IMMEDIATE 
  PCTFREE 10 PCTUSED 40 INITRANS 1 MAXTRANS 255 NOCOMPRESS LOGGING
  STORAGE(INITIAL 65536 NEXT 1048576 MINEXTENTS 1 MAXEXTENTS 2147483645
  PCTINCREASE 0 FREELISTS 1 FREELIST GROUPS 1 BUFFER_POOL DEFAULT FLASH_CACHE DEFAULT CELL_FLASH_CACHE DEFAULT)
  TABLESPACE "USERS" ;
--------------------------------------------------------
--  DDL for Table SOLDIERADVANCEDTRAINING
--------------------------------------------------------

  CREATE TABLE "UMS"."SOLDIERADVANCEDTRAINING" 
   (	"CADREID" NUMBER, 
	"SOLDIERID" NUMBER, 
	"REMARK" VARCHAR2(255 BYTE), 
	"CADRENAME" VARCHAR2(255 BYTE)
   ) SEGMENT CREATION IMMEDIATE 
  PCTFREE 10 PCTUSED 40 INITRANS 1 MAXTRANS 255 NOCOMPRESS LOGGING
  STORAGE(INITIAL 65536 NEXT 1048576 MINEXTENTS 1 MAXEXTENTS 2147483645
  PCTINCREASE 0 FREELISTS 1 FREELIST GROUPS 1 BUFFER_POOL DEFAULT FLASH_CACHE DEFAULT CELL_FLASH_CACHE DEFAULT)
  TABLESPACE "USERS" ;
--------------------------------------------------------
--  DDL for Table SOLDIERAPPOINTMENT
--------------------------------------------------------

  CREATE TABLE "UMS"."SOLDIERAPPOINTMENT" 
   (	"SOLDIERID" NUMBER, 
	"APPOINTMENTID" NUMBER
   ) SEGMENT CREATION IMMEDIATE 
  PCTFREE 10 PCTUSED 40 INITRANS 1 MAXTRANS 255 NOCOMPRESS LOGGING
  STORAGE(INITIAL 65536 NEXT 1048576 MINEXTENTS 1 MAXEXTENTS 2147483645
  PCTINCREASE 0 FREELISTS 1 FREELIST GROUPS 1 BUFFER_POOL DEFAULT FLASH_CACHE DEFAULT CELL_FLASH_CACHE DEFAULT)
  TABLESPACE "USERS" ;
--------------------------------------------------------
--  DDL for Table SOLDIERBASICTRAINING
--------------------------------------------------------

  CREATE TABLE "UMS"."SOLDIERBASICTRAINING" 
   (	"TRAININGID" NUMBER, 
	"TRAININGDATE" DATE, 
	"SOLDIERID" NUMBER, 
	"REMARK" VARCHAR2(255 BYTE)
   ) SEGMENT CREATION IMMEDIATE 
  PCTFREE 10 PCTUSED 40 INITRANS 1 MAXTRANS 255 NOCOMPRESS LOGGING
  STORAGE(INITIAL 65536 NEXT 1048576 MINEXTENTS 1 MAXEXTENTS 2147483645
  PCTINCREASE 0 FREELISTS 1 FREELIST GROUPS 1 BUFFER_POOL DEFAULT FLASH_CACHE DEFAULT CELL_FLASH_CACHE DEFAULT)
  TABLESPACE "USERS" ;
--------------------------------------------------------
--  DDL for Table SOLDIERTEAM
--------------------------------------------------------

  CREATE TABLE "UMS"."SOLDIERTEAM" 
   (	"SOLDIERID" NUMBER, 
	"TEAMID" NUMBER
   ) SEGMENT CREATION IMMEDIATE 
  PCTFREE 10 PCTUSED 40 INITRANS 1 MAXTRANS 255 NOCOMPRESS LOGGING
  STORAGE(INITIAL 65536 NEXT 1048576 MINEXTENTS 1 MAXEXTENTS 2147483645
  PCTINCREASE 0 FREELISTS 1 FREELIST GROUPS 1 BUFFER_POOL DEFAULT FLASH_CACHE DEFAULT CELL_FLASH_CACHE DEFAULT)
  TABLESPACE "USERS" ;
--------------------------------------------------------
--  DDL for Table TEAM
--------------------------------------------------------

  CREATE TABLE "UMS"."TEAM" 
   (	"TEAMID" NUMBER, 
	"TEAMNAME" VARCHAR2(255 BYTE), 
	"STARTDATE" DATE, 
	"ENDDATE" DATE, 
	"TEAMOIC" VARCHAR2(255 BYTE)
   ) SEGMENT CREATION IMMEDIATE 
  PCTFREE 10 PCTUSED 40 INITRANS 1 MAXTRANS 255 NOCOMPRESS LOGGING
  STORAGE(INITIAL 65536 NEXT 1048576 MINEXTENTS 1 MAXEXTENTS 2147483645
  PCTINCREASE 0 FREELISTS 1 FREELIST GROUPS 1 BUFFER_POOL DEFAULT FLASH_CACHE DEFAULT CELL_FLASH_CACHE DEFAULT)
  TABLESPACE "USERS" ;
--------------------------------------------------------
--  DDL for Table TRADE
--------------------------------------------------------

  CREATE TABLE "UMS"."TRADE" 
   (	"TRADEID" NUMBER, 
	"TRADE" VARCHAR2(255 BYTE)
   ) SEGMENT CREATION IMMEDIATE 
  PCTFREE 10 PCTUSED 40 INITRANS 1 MAXTRANS 255 NOCOMPRESS LOGGING
  STORAGE(INITIAL 65536 NEXT 1048576 MINEXTENTS 1 MAXEXTENTS 2147483645
  PCTINCREASE 0 FREELISTS 1 FREELIST GROUPS 1 BUFFER_POOL DEFAULT FLASH_CACHE DEFAULT CELL_FLASH_CACHE DEFAULT)
  TABLESPACE "USERS" ;
--------------------------------------------------------
--  DDL for View ABSENTSOLDIERSVIEW
--------------------------------------------------------

  CREATE OR REPLACE FORCE VIEW "UMS"."ABSENTSOLDIERSVIEW" ("SOLDIERID", "NAME", "RANK", "COMPANYNAME", "REASON") AS 
  SELECT s.SoldierID, s.Name, r.Rank, c.CompanyName, 'ERE' AS Reason 
FROM Soldier s
JOIN Ranks r ON s.RankID = r.RankID
JOIN Company c ON s.CompanyID = c.CompanyID
WHERE s.ERE = 'Yes'
UNION
SELECT s.SoldierID, s.Name, r.Rank, c.CompanyName, 'Temporary Command' AS Reason 
FROM Soldier s
JOIN Ranks r ON s.RankID = r.RankID
JOIN Company c ON s.CompanyID = c.CompanyID
WHERE s.TemporaryCommand = 'Yes'
UNION
SELECT s.SoldierID, s.Name, r.Rank, c.CompanyName, 'AWOL' AS Reason 
FROM Soldier s
JOIN Ranks r ON s.RankID = r.RankID
JOIN Company c ON s.CompanyID = c.CompanyID
WHERE s.ServingStatus = 'AWOL'
UNION
SELECT tl.SoldierID, s.Name, r.Rank, c.CompanyName, tl.LeaveType AS Reason
FROM Todays_Leave_View tl
JOIN Soldier s ON tl.SoldierID = s.SoldierID
JOIN Ranks r ON s.RankID = r.RankID
JOIN Company c ON s.CompanyID = c.CompanyID
UNION
SELECT m.SoldierID, s.Name, r.Rank, c.CompanyName, m.DisposalType AS Reason
FROM TODAYS_DISPOSAL_HOLDER m
JOIN Soldier s ON m.SoldierID = s.SoldierID
JOIN Ranks r ON s.RankID = r.RankID
JOIN Company c ON s.CompanyID = c.CompanyID
;
--------------------------------------------------------
--  DDL for View MANAGE_COMPANY_VIEW
--------------------------------------------------------

  CREATE OR REPLACE FORCE VIEW "UMS"."MANAGE_COMPANY_VIEW" ("COMPANYID", "COMPANYNAME", "Coy Comd", "TOTALMANPOWER") AS 
  SELECT
  C.COMPANYID,
  C.COMPANYNAME,
  R.RANK ||' '|| S.NAME AS "Coy Comd",
  (SELECT COUNT(*) FROM SOLDIER WHERE COMPANYID = C.COMPANYID) AS TotalManpower
FROM
  COMPANY C
  JOIN SOLDIER S ON C.COMPANYID = S.COMPANYID
JOIN RANKS R ON S.RANKID = R.RANKID

  JOIN SOLDIERAPPOINTMENT SA ON S.SOLDIERID = SA.SOLDIERID
  JOIN APPOINTMENTS A ON SA.APPOINTMENTID = A.APPOINTMENTID
WHERE
  A.APPOINTMENTNAME = 'COY COMD'
;
--------------------------------------------------------
--  DDL for View OVERWEIGHTSOLDIERSVIEW
--------------------------------------------------------

  CREATE OR REPLACE FORCE VIEW "UMS"."OVERWEIGHTSOLDIERSVIEW" ("SOLDIERID", "RANK", "TRADE", "NAME", "COMPANYNAME", "POUNDSOVERWEIGHT") AS 
  SELECT s.SoldierID, r.Rank, t.Trade, s.Name, c.CompanyName,
    CASE
        WHEN ((s.Weight * 0.453592) / ((s.Height / 100) * (s.Height / 100))) > 25 THEN ROUND(((s.Weight * 0.453592) / ((s.Height / 100) * (s.Height / 100))) - 25)
        ELSE 0
    END AS PoundsOverweight
FROM Soldier s
JOIN Ranks r ON s.RankID = r.RankID
JOIN Trade t ON s.TradeID = t.TradeID
JOIN Company c ON s.CompanyID = c.CompanyID
WHERE ((s.Weight * 0.453592) / ((s.Height / 100) * (s.Height / 100))) > 25
;
--------------------------------------------------------
--  DDL for View PARADE_STATE_VIEW
--------------------------------------------------------

  CREATE OR REPLACE FORCE VIEW "UMS"."PARADE_STATE_VIEW" ("COMPANYNAME", "Auth", "Granted", "Leave", "Absent", "Present", "MedicalDisposal") AS 
  SELECT
  c.COMPANYNAME,
  a.MANPOWER AS "Auth",
  COUNT(s.SOLDIERID) AS "Granted",
  COUNT(l.SOLDIERID) AS "Leave",
  COUNT(CASE WHEN s.ISPRESENT = 0 THEN 1 END) AS "Absent",
  COUNT(s.SOLDIERID) - COUNT(CASE WHEN s.ISPRESENT = 0 THEN 1 END) AS "Present",
  COUNT(d.SOLDIERID) AS "MedicalDisposal"
FROM
  COMPANY c
LEFT JOIN
  AUTHORIZATION a ON c.COMPANYID = a.COMPANYID
LEFT JOIN
  SOLDIER s ON c.COMPANYID = s.COMPANYID
LEFT JOIN
  TODAYS_LEAVE_VIEW l ON s.SOLDIERID = l.SOLDIERID
LEFT JOIN
  TODAYS_DISPOSAL_HOLDER d ON s.SOLDIERID = d.SOLDIERID
GROUP BY
  c.COMPANYNAME, a.MANPOWER
;
--------------------------------------------------------
--  DDL for View SOLDIER_VIEW
--------------------------------------------------------

  CREATE OR REPLACE FORCE VIEW "UMS"."SOLDIER_VIEW" ("SOLDIERID", "PASSWORD", "NAME", "MARITALSTATUS", "BLOODGROUP", "WEIGHT", "HEIGHT", "RELIGION", "AGE", "DATEOFBIRTH", "GENDER", "LIVINGSTATUS", "VILLAGE", "THANA", "DISTRICT", "DATEOFENROLL", "TEMPORARYCOMMAND", "ERE", "SERVINGSTATUS", "TRADEID", "TRADE", "RANKID", "RANK", "COMPANYID", "COMPANYNAME", "ISPRESENT", "ACCESSROLE") AS 
  SELECT
  s.SOLDIERID,
  s.PASSWORD,
  s.NAME,
  s.MARITALSTATUS,
  s.BLOODGROUP,
  s.WEIGHT,
  s.HEIGHT,
  s.RELIGION,
  s.AGE,
  s.DATEOFBIRTH,
  s.GENDER,
  s.LIVINGSTATUS,
  s.VILLAGE,
  s.THANA,
  s.DISTRICT,
  s.DATEOFENROLL,
  s.TEMPORARYCOMMAND,
  s.ERE,
  s.SERVINGSTATUS,
  s.TRADEID,
  t.TRADE,
  s.RANKID,
  r.RANK,
  s.COMPANYID,
  c.COMPANYNAME,
  s.ISPRESENT,
  s.AccessRole
FROM Soldier s
LEFT JOIN Trade t ON s.TRADEID = t.TRADEID
LEFT JOIN Ranks r ON s.RANKID = r.RANKID
LEFT JOIN Company c ON s.COMPANYID = c.COMPANYID
;
--------------------------------------------------------
--  DDL for View TODAYS_DISPOSAL_HOLDER
--------------------------------------------------------

  CREATE OR REPLACE FORCE VIEW "UMS"."TODAYS_DISPOSAL_HOLDER" ("SOLDIERID", "NAME", "RANK", "TRADE", "COMPANYNAME", "DISPOSALTYPE", "STARTDATE", "ENDDATE", "REASON") AS 
  SELECT s.SOLDIERID, s.NAME, r.RANK, t.TRADE, c.COMPANYNAME, m.DISPOSALTYPE, m.STARTDATE, m.ENDDATE, m.REASON
FROM Soldier s
JOIN Ranks r ON s.RankID = r.RankID
JOIN Trade t ON s.TradeID = t.TradeID
JOIN Company c ON s.CompanyID = c.CompanyID
JOIN MedicalInfo m ON s.SoldierID = m.SoldierID
WHERE TRUNC(m.STARTDATE) <= TRUNC(SYSDATE)
  AND TRUNC(m.ENDDATE) >= TRUNC(SYSDATE)
;
--------------------------------------------------------
--  DDL for View TODAYS_LEAVE_VIEW
--------------------------------------------------------

  CREATE OR REPLACE FORCE VIEW "UMS"."TODAYS_LEAVE_VIEW" ("SOLDIERID", "NAME", "RANK", "TRADE", "COMPANYNAME", "LEAVETYPE", "LEAVESTARTDATE", "LEAVEENDDATE", "REMAININGLEAVE") AS 
  SELECT s.SoldierID, s.Name, r.Rank, t.Trade, c.CompanyName, l.LeaveType, l.LeaveStartDate, l.LeaveEndDate,
       (l.LeaveEndDate - TRUNC(SYSDATE)) AS RemainingLeave
FROM Soldier s
JOIN Ranks r ON s.RankID = r.RankID
JOIN Trade t ON s.TradeID = t.TradeID
JOIN Company c ON s.CompanyID = c.CompanyID
JOIN LeaveModule l ON s.SoldierID = l.SoldierID
WHERE l.LeaveStartDate <= TRUNC(SYSDATE)
AND l.LeaveEndDate >= TRUNC(SYSDATE)
;
REM INSERTING into UMS.ADVANCETRAINING
SET DEFINE OFF;
Insert into UMS.ADVANCETRAINING (CADREID,NAME,TRAININGSTARTDATE,TRAININGENDDATE,TRAININGOIC,INSTRUCTOR,RESULT) values (2,'ICT Cadre',to_date('01-MAY-23','DD-MON-RR'),to_date('31-JUL-23','DD-MON-RR'),'Maj Imtiaz','Sgt Abrar',null);
Insert into UMS.ADVANCETRAINING (CADREID,NAME,TRAININGSTARTDATE,TRAININGENDDATE,TRAININGOIC,INSTRUCTOR,RESULT) values (1,'Radio Cadre',to_date('01-FEB-23','DD-MON-RR'),to_date('30-APR-23','DD-MON-RR'),'Maj Nofaer','WO Goni','Pass');
REM INSERTING into UMS.APPOINTMENTS
SET DEFINE OFF;
Insert into UMS.APPOINTMENTS (APPOINTMENTID,APPOINTMENTNAME) values (1,'CO');
Insert into UMS.APPOINTMENTS (APPOINTMENTID,APPOINTMENTNAME) values (2,'2IC');
Insert into UMS.APPOINTMENTS (APPOINTMENTID,APPOINTMENTNAME) values (3,'ADJT');
Insert into UMS.APPOINTMENTS (APPOINTMENTID,APPOINTMENTNAME) values (4,'QM');
Insert into UMS.APPOINTMENTS (APPOINTMENTID,APPOINTMENTNAME) values (5,'COY COMD');
Insert into UMS.APPOINTMENTS (APPOINTMENTID,APPOINTMENTNAME) values (6,'SM');
Insert into UMS.APPOINTMENTS (APPOINTMENTID,APPOINTMENTNAME) values (7,'BSM');
Insert into UMS.APPOINTMENTS (APPOINTMENTID,APPOINTMENTNAME) values (8,'RP NCO');
Insert into UMS.APPOINTMENTS (APPOINTMENTID,APPOINTMENTNAME) values (9,'CSM');
Insert into UMS.APPOINTMENTS (APPOINTMENTID,APPOINTMENTNAME) values (10,'CQMS');
Insert into UMS.APPOINTMENTS (APPOINTMENTID,APPOINTMENTNAME) values (11,'MT NCO');
Insert into UMS.APPOINTMENTS (APPOINTMENTID,APPOINTMENTNAME) values (12,'STOREMAN');
Insert into UMS.APPOINTMENTS (APPOINTMENTID,APPOINTMENTNAME) values (13,'HD CLK');
Insert into UMS.APPOINTMENTS (APPOINTMENTID,APPOINTMENTNAME) values (14,'ORS');
Insert into UMS.APPOINTMENTS (APPOINTMENTID,APPOINTMENTNAME) values (15,'Duty Officer');
Insert into UMS.APPOINTMENTS (APPOINTMENTID,APPOINTMENTNAME) values (16,'Duty JCO');
Insert into UMS.APPOINTMENTS (APPOINTMENTID,APPOINTMENTNAME) values (17,'Duty NCO');
Insert into UMS.APPOINTMENTS (APPOINTMENTID,APPOINTMENTNAME) values (18,'Quarter Guards');
REM INSERTING into UMS.AUTHORIZATION
SET DEFINE OFF;
Insert into UMS.AUTHORIZATION (MANPOWER,COMPANYID) values (35,1);
Insert into UMS.AUTHORIZATION (MANPOWER,COMPANYID) values (80,2);
Insert into UMS.AUTHORIZATION (MANPOWER,COMPANYID) values (116,3);
Insert into UMS.AUTHORIZATION (MANPOWER,COMPANYID) values (96,5);
Insert into UMS.AUTHORIZATION (MANPOWER,COMPANYID) values (80,4);
REM INSERTING into UMS.BASICTRAINING
SET DEFINE OFF;
Insert into UMS.BASICTRAINING (TRAININGID,TRAININGCODE,TRAININGNAME) values (5,'TRG-05','GRENADE FIRING');
Insert into UMS.BASICTRAINING (TRAININGID,TRAININGCODE,TRAININGNAME) values (1,'TRG-01','1st Biannual IPFT ');
Insert into UMS.BASICTRAINING (TRAININGID,TRAININGCODE,TRAININGNAME) values (2,'TRG-02','2nd Biannual IPFT ');
Insert into UMS.BASICTRAINING (TRAININGID,TRAININGCODE,TRAININGNAME) values (3,'TRG-03','GRENADE FIRING');
Insert into UMS.BASICTRAINING (TRAININGID,TRAININGCODE,TRAININGNAME) values (4,'TRG-04','SPEED MARCH');
REM INSERTING into UMS.CARRIERPLAN
SET DEFINE OFF;
Insert into UMS.CARRIERPLAN (SOLDIERID,FIRSTCYCLE,SECONDCYCLE,THIRDCYCLE,FOURTHCYCLE) values (161070,'Admin','Leave','Training','Leave');
Insert into UMS.CARRIERPLAN (SOLDIERID,FIRSTCYCLE,SECONDCYCLE,THIRDCYCLE,FOURTHCYCLE) values (161074,'Leave','Admin','Training','Admin');
Insert into UMS.CARRIERPLAN (SOLDIERID,FIRSTCYCLE,SECONDCYCLE,THIRDCYCLE,FOURTHCYCLE) values (161071,'Admin','Leave','Admin','Training');
Insert into UMS.CARRIERPLAN (SOLDIERID,FIRSTCYCLE,SECONDCYCLE,THIRDCYCLE,FOURTHCYCLE) values (161072,'Leave','Training','Admin','Admin');
Insert into UMS.CARRIERPLAN (SOLDIERID,FIRSTCYCLE,SECONDCYCLE,THIRDCYCLE,FOURTHCYCLE) values (171037,'Admin','Leave','Training','Admin');
Insert into UMS.CARRIERPLAN (SOLDIERID,FIRSTCYCLE,SECONDCYCLE,THIRDCYCLE,FOURTHCYCLE) values (161078,'Admin','Leave','Training','Admin');
Insert into UMS.CARRIERPLAN (SOLDIERID,FIRSTCYCLE,SECONDCYCLE,THIRDCYCLE,FOURTHCYCLE) values (161073,'Admin','Admin','Admin','Admin');
Insert into UMS.CARRIERPLAN (SOLDIERID,FIRSTCYCLE,SECONDCYCLE,THIRDCYCLE,FOURTHCYCLE) values (161076,'Training','Admin','Leave','Admin');
Insert into UMS.CARRIERPLAN (SOLDIERID,FIRSTCYCLE,SECONDCYCLE,THIRDCYCLE,FOURTHCYCLE) values (161077,'Leave','Admin','Admin','Training');
Insert into UMS.CARRIERPLAN (SOLDIERID,FIRSTCYCLE,SECONDCYCLE,THIRDCYCLE,FOURTHCYCLE) values (171011,'Admin','Leave','Training','Admin');
Insert into UMS.CARRIERPLAN (SOLDIERID,FIRSTCYCLE,SECONDCYCLE,THIRDCYCLE,FOURTHCYCLE) values (161037,'Leave','Admin','Admin','Admin');
Insert into UMS.CARRIERPLAN (SOLDIERID,FIRSTCYCLE,SECONDCYCLE,THIRDCYCLE,FOURTHCYCLE) values (161020,'Training','Admin','Admin','Admin');
Insert into UMS.CARRIERPLAN (SOLDIERID,FIRSTCYCLE,SECONDCYCLE,THIRDCYCLE,FOURTHCYCLE) values (161011,'Admin','Admin','Admin','Admin');
Insert into UMS.CARRIERPLAN (SOLDIERID,FIRSTCYCLE,SECONDCYCLE,THIRDCYCLE,FOURTHCYCLE) values (161042,'Leave','Admin','Admin','Admin');
Insert into UMS.CARRIERPLAN (SOLDIERID,FIRSTCYCLE,SECONDCYCLE,THIRDCYCLE,FOURTHCYCLE) values (161022,'Training','Admin','Admin','Admin');
Insert into UMS.CARRIERPLAN (SOLDIERID,FIRSTCYCLE,SECONDCYCLE,THIRDCYCLE,FOURTHCYCLE) values (171050,'Admin','Admin','Training','Admin');
Insert into UMS.CARRIERPLAN (SOLDIERID,FIRSTCYCLE,SECONDCYCLE,THIRDCYCLE,FOURTHCYCLE) values (171045,'Leave','Leave','Training','Admin');
Insert into UMS.CARRIERPLAN (SOLDIERID,FIRSTCYCLE,SECONDCYCLE,THIRDCYCLE,FOURTHCYCLE) values (171039,'Training','Admin','Leave','Admin');
Insert into UMS.CARRIERPLAN (SOLDIERID,FIRSTCYCLE,SECONDCYCLE,THIRDCYCLE,FOURTHCYCLE) values (161050,'Admin','Leave','Training','Admin');
Insert into UMS.CARRIERPLAN (SOLDIERID,FIRSTCYCLE,SECONDCYCLE,THIRDCYCLE,FOURTHCYCLE) values (161051,'Training','Admin','Leave','Admin');
Insert into UMS.CARRIERPLAN (SOLDIERID,FIRSTCYCLE,SECONDCYCLE,THIRDCYCLE,FOURTHCYCLE) values (161052,'Leave','Admin','Training','Admin');
Insert into UMS.CARRIERPLAN (SOLDIERID,FIRSTCYCLE,SECONDCYCLE,THIRDCYCLE,FOURTHCYCLE) values (161053,'Admin','Training','Leave','Admin');
Insert into UMS.CARRIERPLAN (SOLDIERID,FIRSTCYCLE,SECONDCYCLE,THIRDCYCLE,FOURTHCYCLE) values (1610,'Admin','Admin','Admin','Admin');
Insert into UMS.CARRIERPLAN (SOLDIERID,FIRSTCYCLE,SECONDCYCLE,THIRDCYCLE,FOURTHCYCLE) values (161054,'Training','Leave','Admin','Admin');
Insert into UMS.CARRIERPLAN (SOLDIERID,FIRSTCYCLE,SECONDCYCLE,THIRDCYCLE,FOURTHCYCLE) values (161056,'Admin','Admin','Admin','Admin');
Insert into UMS.CARRIERPLAN (SOLDIERID,FIRSTCYCLE,SECONDCYCLE,THIRDCYCLE,FOURTHCYCLE) values (161000,'Admin','Leave','Admin','Training');
Insert into UMS.CARRIERPLAN (SOLDIERID,FIRSTCYCLE,SECONDCYCLE,THIRDCYCLE,FOURTHCYCLE) values (161049,'Leave','Training','Admin','Admin');
Insert into UMS.CARRIERPLAN (SOLDIERID,FIRSTCYCLE,SECONDCYCLE,THIRDCYCLE,FOURTHCYCLE) values (161025,'Training','Admin','Leave','Admin');
Insert into UMS.CARRIERPLAN (SOLDIERID,FIRSTCYCLE,SECONDCYCLE,THIRDCYCLE,FOURTHCYCLE) values (161044,'Admin','Leave','Training','Admin');
Insert into UMS.CARRIERPLAN (SOLDIERID,FIRSTCYCLE,SECONDCYCLE,THIRDCYCLE,FOURTHCYCLE) values (161023,'Training','Leave','Admin','Admin');
Insert into UMS.CARRIERPLAN (SOLDIERID,FIRSTCYCLE,SECONDCYCLE,THIRDCYCLE,FOURTHCYCLE) values (161040,'Leave','Admin','Training','Admin');
Insert into UMS.CARRIERPLAN (SOLDIERID,FIRSTCYCLE,SECONDCYCLE,THIRDCYCLE,FOURTHCYCLE) values (161033,'Admin','Leave','Training','Admin');
Insert into UMS.CARRIERPLAN (SOLDIERID,FIRSTCYCLE,SECONDCYCLE,THIRDCYCLE,FOURTHCYCLE) values (161019,'Leave','Admin','Training','Admin');
Insert into UMS.CARRIERPLAN (SOLDIERID,FIRSTCYCLE,SECONDCYCLE,THIRDCYCLE,FOURTHCYCLE) values (161048,'Training','Leave','Admin','Admin');
Insert into UMS.CARRIERPLAN (SOLDIERID,FIRSTCYCLE,SECONDCYCLE,THIRDCYCLE,FOURTHCYCLE) values (171010,'Leave','Training','Admin','Admin');
Insert into UMS.CARRIERPLAN (SOLDIERID,FIRSTCYCLE,SECONDCYCLE,THIRDCYCLE,FOURTHCYCLE) values (171025,'Admin','Training','Admin','Leave');
Insert into UMS.CARRIERPLAN (SOLDIERID,FIRSTCYCLE,SECONDCYCLE,THIRDCYCLE,FOURTHCYCLE) values (171027,'Leave','Admin','Admin','Admin');
Insert into UMS.CARRIERPLAN (SOLDIERID,FIRSTCYCLE,SECONDCYCLE,THIRDCYCLE,FOURTHCYCLE) values (171030,'Admin','Admin','Admin','Admin');
Insert into UMS.CARRIERPLAN (SOLDIERID,FIRSTCYCLE,SECONDCYCLE,THIRDCYCLE,FOURTHCYCLE) values (171033,'Admin','Admin','Admin','Leave');
Insert into UMS.CARRIERPLAN (SOLDIERID,FIRSTCYCLE,SECONDCYCLE,THIRDCYCLE,FOURTHCYCLE) values (171044,'Admin','Admin','Admin','Admin');
Insert into UMS.CARRIERPLAN (SOLDIERID,FIRSTCYCLE,SECONDCYCLE,THIRDCYCLE,FOURTHCYCLE) values (171077,'Admin','Admin','Admin','Admin');
Insert into UMS.CARRIERPLAN (SOLDIERID,FIRSTCYCLE,SECONDCYCLE,THIRDCYCLE,FOURTHCYCLE) values (171066,'Admin','Admin','Admin','Admin');
REM INSERTING into UMS.COMPANY
SET DEFINE OFF;
Insert into UMS.COMPANY (COMPANYID,COMPANYNAME) values (1,'BHQ PL');
Insert into UMS.COMPANY (COMPANYID,COMPANYNAME) values (2,'HQ');
Insert into UMS.COMPANY (COMPANYID,COMPANYNAME) values (3,'Radio');
Insert into UMS.COMPANY (COMPANYID,COMPANYNAME) values (4,'OP');
Insert into UMS.COMPANY (COMPANYID,COMPANYNAME) values (5,'RR & LINE');
REM INSERTING into UMS.CONTACTNUMBER
SET DEFINE OFF;
Insert into UMS.CONTACTNUMBER (SOLDIERID,CONTACTNUMBER) values (161051,'01769161098');
Insert into UMS.CONTACTNUMBER (SOLDIERID,CONTACTNUMBER) values (9388,'01674515669');
Insert into UMS.CONTACTNUMBER (SOLDIERID,CONTACTNUMBER) values (9388,'01769009388');
Insert into UMS.CONTACTNUMBER (SOLDIERID,CONTACTNUMBER) values (9090,'01769009090');
Insert into UMS.CONTACTNUMBER (SOLDIERID,CONTACTNUMBER) values (9090,'01769008698');
Insert into UMS.CONTACTNUMBER (SOLDIERID,CONTACTNUMBER) values (9205,'01769669352');
Insert into UMS.CONTACTNUMBER (SOLDIERID,CONTACTNUMBER) values (9205,'00000000000');
Insert into UMS.CONTACTNUMBER (SOLDIERID,CONTACTNUMBER) values (1610,'01700000000');
Insert into UMS.CONTACTNUMBER (SOLDIERID,CONTACTNUMBER) values (1610,'0');
Insert into UMS.CONTACTNUMBER (SOLDIERID,CONTACTNUMBER) values (11411,'0176911411');
Insert into UMS.CONTACTNUMBER (SOLDIERID,CONTACTNUMBER) values (11411,'1111111111');
Insert into UMS.CONTACTNUMBER (SOLDIERID,CONTACTNUMBER) values (11507,'0176911507');
Insert into UMS.CONTACTNUMBER (SOLDIERID,CONTACTNUMBER) values (11507,'2222222222');
Insert into UMS.CONTACTNUMBER (SOLDIERID,CONTACTNUMBER) values (161011,'01647237479');
Insert into UMS.CONTACTNUMBER (SOLDIERID,CONTACTNUMBER) values (161011,'1');
Insert into UMS.CONTACTNUMBER (SOLDIERID,CONTACTNUMBER) values (9310,'01769009310');
Insert into UMS.CONTACTNUMBER (SOLDIERID,CONTACTNUMBER) values (9310,'01769009311');
Insert into UMS.CONTACTNUMBER (SOLDIERID,CONTACTNUMBER) values (161022,'01870000654');
Insert into UMS.CONTACTNUMBER (SOLDIERID,CONTACTNUMBER) values (161022,'1');
Insert into UMS.CONTACTNUMBER (SOLDIERID,CONTACTNUMBER) values (161051,'01769161051');
Insert into UMS.CONTACTNUMBER (SOLDIERID,CONTACTNUMBER) values (161051,'01769163637');
Insert into UMS.CONTACTNUMBER (SOLDIERID,CONTACTNUMBER) values (161025,'01760987654');
Insert into UMS.CONTACTNUMBER (SOLDIERID,CONTACTNUMBER) values (161025,'1');
Insert into UMS.CONTACTNUMBER (SOLDIERID,CONTACTNUMBER) values (161044,'01670987654');
Insert into UMS.CONTACTNUMBER (SOLDIERID,CONTACTNUMBER) values (161044,'1');
Insert into UMS.CONTACTNUMBER (SOLDIERID,CONTACTNUMBER) values (161023,'01661234567');
Insert into UMS.CONTACTNUMBER (SOLDIERID,CONTACTNUMBER) values (161023,'0');
Insert into UMS.CONTACTNUMBER (SOLDIERID,CONTACTNUMBER) values (161049,'01789854319');
Insert into UMS.CONTACTNUMBER (SOLDIERID,CONTACTNUMBER) values (161049,'1');
Insert into UMS.CONTACTNUMBER (SOLDIERID,CONTACTNUMBER) values (161052,'01769161052');
Insert into UMS.CONTACTNUMBER (SOLDIERID,CONTACTNUMBER) values (161033,'01879123456');
Insert into UMS.CONTACTNUMBER (SOLDIERID,CONTACTNUMBER) values (161033,'0');
Insert into UMS.CONTACTNUMBER (SOLDIERID,CONTACTNUMBER) values (161052,'01769161052');
Insert into UMS.CONTACTNUMBER (SOLDIERID,CONTACTNUMBER) values (161042,'01912345679');
Insert into UMS.CONTACTNUMBER (SOLDIERID,CONTACTNUMBER) values (161042,'1');
Insert into UMS.CONTACTNUMBER (SOLDIERID,CONTACTNUMBER) values (161053,'01769161053');
Insert into UMS.CONTACTNUMBER (SOLDIERID,CONTACTNUMBER) values (161037,'01561234567');
Insert into UMS.CONTACTNUMBER (SOLDIERID,CONTACTNUMBER) values (161037,'1');
Insert into UMS.CONTACTNUMBER (SOLDIERID,CONTACTNUMBER) values (7068,'01769007068');
Insert into UMS.CONTACTNUMBER (SOLDIERID,CONTACTNUMBER) values (161000,'01763412335');
Insert into UMS.CONTACTNUMBER (SOLDIERID,CONTACTNUMBER) values (161000,'1');
Insert into UMS.CONTACTNUMBER (SOLDIERID,CONTACTNUMBER) values (161001,'01796161001');
Insert into UMS.CONTACTNUMBER (SOLDIERID,CONTACTNUMBER) values (161020,'01712345676');
Insert into UMS.CONTACTNUMBER (SOLDIERID,CONTACTNUMBER) values (161020,'01712345677');
Insert into UMS.CONTACTNUMBER (SOLDIERID,CONTACTNUMBER) values (161050,'01769241962');
Insert into UMS.CONTACTNUMBER (SOLDIERID,CONTACTNUMBER) values (161020,'01860192837');
Insert into UMS.CONTACTNUMBER (SOLDIERID,CONTACTNUMBER) values (161020,'01860192838');
Insert into UMS.CONTACTNUMBER (SOLDIERID,CONTACTNUMBER) values (161054,'01769161054');
Insert into UMS.CONTACTNUMBER (SOLDIERID,CONTACTNUMBER) values (161019,'01780192837');
Insert into UMS.CONTACTNUMBER (SOLDIERID,CONTACTNUMBER) values (161019,'01780192838');
Insert into UMS.CONTACTNUMBER (SOLDIERID,CONTACTNUMBER) values (161056,'01769161056');
Insert into UMS.CONTACTNUMBER (SOLDIERID,CONTACTNUMBER) values (161048,'01571234567');
Insert into UMS.CONTACTNUMBER (SOLDIERID,CONTACTNUMBER) values (161048,'01571234587');
Insert into UMS.CONTACTNUMBER (SOLDIERID,CONTACTNUMBER) values (161070,'01769161070');
Insert into UMS.CONTACTNUMBER (SOLDIERID,CONTACTNUMBER) values (161071,'01769161071');
Insert into UMS.CONTACTNUMBER (SOLDIERID,CONTACTNUMBER) values (161040,'01780987654');
Insert into UMS.CONTACTNUMBER (SOLDIERID,CONTACTNUMBER) values (161040,'01780987655');
Insert into UMS.CONTACTNUMBER (SOLDIERID,CONTACTNUMBER) values (161072,'01769161072');
Insert into UMS.CONTACTNUMBER (SOLDIERID,CONTACTNUMBER) values (161073,'01769161073');
Insert into UMS.CONTACTNUMBER (SOLDIERID,CONTACTNUMBER) values (161077,'01769161077');
Insert into UMS.CONTACTNUMBER (SOLDIERID,CONTACTNUMBER) values (171011,'01562973898');
Insert into UMS.CONTACTNUMBER (SOLDIERID,CONTACTNUMBER) values (171011,'01562973899');
Insert into UMS.CONTACTNUMBER (SOLDIERID,CONTACTNUMBER) values (171039,'01819876543');
Insert into UMS.CONTACTNUMBER (SOLDIERID,CONTACTNUMBER) values (171039,'01819876549');
Insert into UMS.CONTACTNUMBER (SOLDIERID,CONTACTNUMBER) values (171045,'01647237487');
Insert into UMS.CONTACTNUMBER (SOLDIERID,CONTACTNUMBER) values (171045,'01647237666');
Insert into UMS.CONTACTNUMBER (SOLDIERID,CONTACTNUMBER) values (171050,'01760981111');
Insert into UMS.CONTACTNUMBER (SOLDIERID,CONTACTNUMBER) values (171010,'01647777479');
Insert into UMS.CONTACTNUMBER (SOLDIERID,CONTACTNUMBER) values (171010,'01647777488');
Insert into UMS.CONTACTNUMBER (SOLDIERID,CONTACTNUMBER) values (161074,'01769161074');
Insert into UMS.CONTACTNUMBER (SOLDIERID,CONTACTNUMBER) values (171025,'01670007654');
Insert into UMS.CONTACTNUMBER (SOLDIERID,CONTACTNUMBER) values (171025,'01670007688');
Insert into UMS.CONTACTNUMBER (SOLDIERID,CONTACTNUMBER) values (171027,'01760980000');
Insert into UMS.CONTACTNUMBER (SOLDIERID,CONTACTNUMBER) values (171027,'01760980088');
Insert into UMS.CONTACTNUMBER (SOLDIERID,CONTACTNUMBER) values (171030,'01760987633');
Insert into UMS.CONTACTNUMBER (SOLDIERID,CONTACTNUMBER) values (171030,'01760987666');
Insert into UMS.CONTACTNUMBER (SOLDIERID,CONTACTNUMBER) values (171033,'01645537479');
Insert into UMS.CONTACTNUMBER (SOLDIERID,CONTACTNUMBER) values (171033,'01645537455');
Insert into UMS.CONTACTNUMBER (SOLDIERID,CONTACTNUMBER) values (171037,'01760987699');
Insert into UMS.CONTACTNUMBER (SOLDIERID,CONTACTNUMBER) values (171037,'01760987688');
Insert into UMS.CONTACTNUMBER (SOLDIERID,CONTACTNUMBER) values (171044,'01760987611');
Insert into UMS.CONTACTNUMBER (SOLDIERID,CONTACTNUMBER) values (171044,'01760987699');
Insert into UMS.CONTACTNUMBER (SOLDIERID,CONTACTNUMBER) values (171077,'01763337654');
Insert into UMS.CONTACTNUMBER (SOLDIERID,CONTACTNUMBER) values (161076,'01769161076');
Insert into UMS.CONTACTNUMBER (SOLDIERID,CONTACTNUMBER) values (171066,'01870055654');
Insert into UMS.CONTACTNUMBER (SOLDIERID,CONTACTNUMBER) values (161078,'01769161078');
REM INSERTING into UMS.LEAVEMODULE
SET DEFINE OFF;
Insert into UMS.LEAVEMODULE (LEAVEID,SOLDIERID,LEAVETYPE,LEAVESTARTDATE,LEAVEENDDATE) values (45,161019,'R Leave',to_date('23-JUN-23','DD-MON-RR'),to_date('07-JUL-23','DD-MON-RR'));
Insert into UMS.LEAVEMODULE (LEAVEID,SOLDIERID,LEAVETYPE,LEAVESTARTDATE,LEAVEENDDATE) values (43,123456,'R Leave',to_date('23-JUN-23','DD-MON-RR'),to_date('07-JUL-23','DD-MON-RR'));
Insert into UMS.LEAVEMODULE (LEAVEID,SOLDIERID,LEAVETYPE,LEAVESTARTDATE,LEAVEENDDATE) values (69,161051,'C Leave',to_date('27-JUN-23','DD-MON-RR'),to_date('04-JUL-23','DD-MON-RR'));
Insert into UMS.LEAVEMODULE (LEAVEID,SOLDIERID,LEAVETYPE,LEAVESTARTDATE,LEAVEENDDATE) values (70,1610,'Weekend',to_date('27-JUN-23','DD-MON-RR'),to_date('30-JUN-23','DD-MON-RR'));
Insert into UMS.LEAVEMODULE (LEAVEID,SOLDIERID,LEAVETYPE,LEAVESTARTDATE,LEAVEENDDATE) values (61,9310,'R Leave',to_date('24-JUN-23','DD-MON-RR'),to_date('30-JUN-23','DD-MON-RR'));
Insert into UMS.LEAVEMODULE (LEAVEID,SOLDIERID,LEAVETYPE,LEAVESTARTDATE,LEAVEENDDATE) values (2,161020,'Sick Leave',to_date('14-JUN-23','DD-MON-RR'),to_date('23-JUN-23','DD-MON-RR'));
Insert into UMS.LEAVEMODULE (LEAVEID,SOLDIERID,LEAVETYPE,LEAVESTARTDATE,LEAVEENDDATE) values (3,171050,'R Leave',to_date('01-JUN-23','DD-MON-RR'),to_date('15-JUN-23','DD-MON-RR'));
Insert into UMS.LEAVEMODULE (LEAVEID,SOLDIERID,LEAVETYPE,LEAVESTARTDATE,LEAVEENDDATE) values (62,161078,'P Leave',to_date('24-JUN-23','DD-MON-RR'),to_date('24-AUG-23','DD-MON-RR'));
Insert into UMS.LEAVEMODULE (LEAVEID,SOLDIERID,LEAVETYPE,LEAVESTARTDATE,LEAVEENDDATE) values (6,171044,'P Leave',to_date('01-JUN-23','DD-MON-RR'),to_date('31-JUL-23','DD-MON-RR'));
Insert into UMS.LEAVEMODULE (LEAVEID,SOLDIERID,LEAVETYPE,LEAVESTARTDATE,LEAVEENDDATE) values (64,171045,'C Leave',to_date('24-JUN-23','DD-MON-RR'),to_date('30-JUN-23','DD-MON-RR'));
Insert into UMS.LEAVEMODULE (LEAVEID,SOLDIERID,LEAVETYPE,LEAVESTARTDATE,LEAVEENDDATE) values (65,171066,'R Leave',to_date('24-JUN-23','DD-MON-RR'),to_date('05-JUL-23','DD-MON-RR'));
Insert into UMS.LEAVEMODULE (LEAVEID,SOLDIERID,LEAVETYPE,LEAVESTARTDATE,LEAVEENDDATE) values (66,161052,'Sick Leave',to_date('24-JUN-23','DD-MON-RR'),to_date('27-JUN-23','DD-MON-RR'));
Insert into UMS.LEAVEMODULE (LEAVEID,SOLDIERID,LEAVETYPE,LEAVESTARTDATE,LEAVEENDDATE) values (67,9205,'Weekend',to_date('24-JUN-23','DD-MON-RR'),to_date('26-JUN-23','DD-MON-RR'));
REM INSERTING into UMS.MEDICALINFO
SET DEFINE OFF;
Insert into UMS.MEDICALINFO (MEDICALID,SOLDIERID,DISPOSALTYPE,STARTDATE,ENDDATE,REASON) values (5,11411,'PPGF',to_date('23-JUN-23','DD-MON-RR'),to_date('24-JUN-23','DD-MON-RR'),'Fever');
Insert into UMS.MEDICALINFO (MEDICALID,SOLDIERID,DISPOSALTYPE,STARTDATE,ENDDATE,REASON) values (1,161056,'SIQ',to_date('23-JUN-23','DD-MON-RR'),to_date('25-JUN-23','DD-MON-RR'),'PLID');
Insert into UMS.MEDICALINFO (MEDICALID,SOLDIERID,DISPOSALTYPE,STARTDATE,ENDDATE,REASON) values (4,171039,'SIQ',to_date('23-JUN-23','DD-MON-RR'),to_date('26-JUN-23','DD-MON-RR'),'Fever');
Insert into UMS.MEDICALINFO (MEDICALID,SOLDIERID,DISPOSALTYPE,STARTDATE,ENDDATE,REASON) values (6,171037,'PPGF',to_date('23-JUN-23','DD-MON-RR'),to_date('25-JUN-23','DD-MON-RR'),'Mon Bhalo Nei');
Insert into UMS.MEDICALINFO (MEDICALID,SOLDIERID,DISPOSALTYPE,STARTDATE,ENDDATE,REASON) values (21,11507,'SIQ',to_date('23-JUN-23','DD-MON-RR'),to_date('26-JUN-23','DD-MON-RR'),'Fever');
Insert into UMS.MEDICALINFO (MEDICALID,SOLDIERID,DISPOSALTYPE,STARTDATE,ENDDATE,REASON) values (23,161022,'SIQ',to_date('23-JUN-23','DD-MON-RR'),to_date('25-JUN-23','DD-MON-RR'),'Loose Motion');
Insert into UMS.MEDICALINFO (MEDICALID,SOLDIERID,DISPOSALTYPE,STARTDATE,ENDDATE,REASON) values (22,161000,'CMH',to_date('01-JUN-23','DD-MON-RR'),to_date('30-JUN-23','DD-MON-RR'),'Bullet Wound');
REM INSERTING into UMS.PUNISHMENT
SET DEFINE OFF;
Insert into UMS.PUNISHMENT (PUNISHMENTID,SOLDIERID,PUNISHMENT,REASON,PUNISHMENTDATE) values (81,161056,'28 Days RI','AWOL',to_date('01-MAY-23','DD-MON-RR'));
Insert into UMS.PUNISHMENT (PUNISHMENTID,SOLDIERID,PUNISHMENT,REASON,PUNISHMENTDATE) values (82,161073,'Severe Reprimand','Absent on Duty',to_date('01-JUN-23','DD-MON-RR'));
Insert into UMS.PUNISHMENT (PUNISHMENTID,SOLDIERID,PUNISHMENT,REASON,PUNISHMENTDATE) values (101,161074,'Warning','Late in PT',to_date('06-JUN-23','DD-MON-RR'));
Insert into UMS.PUNISHMENT (PUNISHMENTID,SOLDIERID,PUNISHMENT,REASON,PUNISHMENTDATE) values (102,161051,'28 Days RI','AWOL',to_date('24-JUN-23','DD-MON-RR'));
REM INSERTING into UMS.RANKS
SET DEFINE OFF;
Insert into UMS.RANKS (RANKID,RANK) values (1,'Lt Col');
Insert into UMS.RANKS (RANKID,RANK) values (2,'Maj');
Insert into UMS.RANKS (RANKID,RANK) values (3,'Capt');
Insert into UMS.RANKS (RANKID,RANK) values (4,'Lt');
Insert into UMS.RANKS (RANKID,RANK) values (5,'2Lt');
Insert into UMS.RANKS (RANKID,RANK) values (6,'MWO');
Insert into UMS.RANKS (RANKID,RANK) values (7,'SWO');
Insert into UMS.RANKS (RANKID,RANK) values (8,'WO');
Insert into UMS.RANKS (RANKID,RANK) values (9,'Sgt');
Insert into UMS.RANKS (RANKID,RANK) values (10,'Cpl');
Insert into UMS.RANKS (RANKID,RANK) values (11,'Lcpl');
Insert into UMS.RANKS (RANKID,RANK) values (12,'Snk');
REM INSERTING into UMS.SOLDIER
SET DEFINE OFF;
Insert into UMS.SOLDIER (SOLDIERID,PASSWORD,NAME,MARITALSTATUS,BLOODGROUP,WEIGHT,HEIGHT,RELIGION,DATEOFBIRTH,GENDER,LIVINGSTATUS,VILLAGE,THANA,DISTRICT,DATEOFENROLL,TRADEID,RANKID,COMPANYID,ISPRESENT,TEMPORARYCOMMAND,ERE,SERVINGSTATUS,ACCESSROLE,AGE) values (9388,9388,'Nofaer','Married','A+',158,170,'Islam',to_date('26-MAY-93','DD-MON-RR'),'Male','Inliving','Homna','Homna','Cumilla',to_date('26-DEC-15','DD-MON-RR'),1,2,3,1,'No','No','Serving','admin',30);
Insert into UMS.SOLDIER (SOLDIERID,PASSWORD,NAME,MARITALSTATUS,BLOODGROUP,WEIGHT,HEIGHT,RELIGION,DATEOFBIRTH,GENDER,LIVINGSTATUS,VILLAGE,THANA,DISTRICT,DATEOFENROLL,TRADEID,RANKID,COMPANYID,ISPRESENT,TEMPORARYCOMMAND,ERE,SERVINGSTATUS,ACCESSROLE,AGE) values (9090,null,'Ferdousi','Married','O+',120,161,'Islam',to_date('02-JAN-93','DD-MON-RR'),'Female','Outliving','Rangpur','Rangpur','Rangpur',to_date('01-DEC-15','DD-MON-RR'),1,2,2,1,'No','No','Serving',null,30);
Insert into UMS.SOLDIER (SOLDIERID,PASSWORD,NAME,MARITALSTATUS,BLOODGROUP,WEIGHT,HEIGHT,RELIGION,DATEOFBIRTH,GENDER,LIVINGSTATUS,VILLAGE,THANA,DISTRICT,DATEOFENROLL,TRADEID,RANKID,COMPANYID,ISPRESENT,TEMPORARYCOMMAND,ERE,SERVINGSTATUS,ACCESSROLE,AGE) values (9205,9205,'Subrina','Unmarried','AB+',128,158,'Islam',to_date('31-DEC-95','DD-MON-RR'),'Female','Barak','Sujanagar','Sujanagar','Pabna',to_date('06-DEC-15','DD-MON-RR'),1,2,4,1,'No','No','Serving','Soldier',27);
Insert into UMS.SOLDIER (SOLDIERID,PASSWORD,NAME,MARITALSTATUS,BLOODGROUP,WEIGHT,HEIGHT,RELIGION,DATEOFBIRTH,GENDER,LIVINGSTATUS,VILLAGE,THANA,DISTRICT,DATEOFENROLL,TRADEID,RANKID,COMPANYID,ISPRESENT,TEMPORARYCOMMAND,ERE,SERVINGSTATUS,ACCESSROLE,AGE) values (1610,1610,'Rahim','Unmarried','A+',150,160,'Islam',to_date('21-JUN-00','DD-MON-RR'),'Male','Barak','Alipur','Kalia','Dhaka',to_date('31-DEC-20','DD-MON-RR'),2,12,1,0,'No','No','Serving','Soldier',23);
Insert into UMS.SOLDIER (SOLDIERID,PASSWORD,NAME,MARITALSTATUS,BLOODGROUP,WEIGHT,HEIGHT,RELIGION,DATEOFBIRTH,GENDER,LIVINGSTATUS,VILLAGE,THANA,DISTRICT,DATEOFENROLL,TRADEID,RANKID,COMPANYID,ISPRESENT,TEMPORARYCOMMAND,ERE,SERVINGSTATUS,ACCESSROLE,AGE) values (11411,11411,'Morshed','Unmarried','O+',146,175,'Islam',to_date('27-DEC-00','DD-MON-RR'),'Male','Barak','Sujanagar','Sujanagar','Pabna',to_date('22-JUN-22','DD-MON-RR'),1,4,1,1,'No','No','Serving','admin',22);
Insert into UMS.SOLDIER (SOLDIERID,PASSWORD,NAME,MARITALSTATUS,BLOODGROUP,WEIGHT,HEIGHT,RELIGION,DATEOFBIRTH,GENDER,LIVINGSTATUS,VILLAGE,THANA,DISTRICT,DATEOFENROLL,TRADEID,RANKID,COMPANYID,ISPRESENT,TEMPORARYCOMMAND,ERE,SERVINGSTATUS,ACCESSROLE,AGE) values (11507,11507,'Tanvir','Unmarried','AB+',125,165,'Islam',to_date('23-SEP-99','DD-MON-RR'),'Male','Barak','Mohammadpur','Mohammadpur','Dhaka',to_date('08-JUN-22','DD-MON-RR'),1,4,2,1,'No','No','Serving','Soldier',23);
Insert into UMS.SOLDIER (SOLDIERID,PASSWORD,NAME,MARITALSTATUS,BLOODGROUP,WEIGHT,HEIGHT,RELIGION,DATEOFBIRTH,GENDER,LIVINGSTATUS,VILLAGE,THANA,DISTRICT,DATEOFENROLL,TRADEID,RANKID,COMPANYID,ISPRESENT,TEMPORARYCOMMAND,ERE,SERVINGSTATUS,ACCESSROLE,AGE) values (161011,161011,'Halim','Married','B+',157,180,'Islam',to_date('03-MAR-95','DD-MON-RR'),'Male','Inliving','Badda','Mirpur','Dinajpur',to_date('21-JUN-20','DD-MON-RR'),3,11,3,0,'No','No','AWOL','Soldier',28);
Insert into UMS.SOLDIER (SOLDIERID,PASSWORD,NAME,MARITALSTATUS,BLOODGROUP,WEIGHT,HEIGHT,RELIGION,DATEOFBIRTH,GENDER,LIVINGSTATUS,VILLAGE,THANA,DISTRICT,DATEOFENROLL,TRADEID,RANKID,COMPANYID,ISPRESENT,TEMPORARYCOMMAND,ERE,SERVINGSTATUS,ACCESSROLE,AGE) values (9310,9310,'Imtiaz','Married','B+',148,176,'Islam',to_date('01-JAN-96','DD-MON-RR'),'Male','Outliving','Mirpur 14','Kafrul','Dhaka',to_date('26-DEC-15','DD-MON-RR'),1,2,5,0,'No','No','Serving','admin',27);
Insert into UMS.SOLDIER (SOLDIERID,PASSWORD,NAME,MARITALSTATUS,BLOODGROUP,WEIGHT,HEIGHT,RELIGION,DATEOFBIRTH,GENDER,LIVINGSTATUS,VILLAGE,THANA,DISTRICT,DATEOFENROLL,TRADEID,RANKID,COMPANYID,ISPRESENT,TEMPORARYCOMMAND,ERE,SERVINGSTATUS,ACCESSROLE,AGE) values (161022,161022,'Salim','Married','B+',140,174,'Islam',to_date('12-FEB-99','DD-MON-RR'),'Male','Outliving','Mohakhali','Demra','Khulna',to_date('12-APR-02','DD-MON-RR'),7,11,3,1,'No','No','Serving','Soldier',24);
Insert into UMS.SOLDIER (SOLDIERID,PASSWORD,NAME,MARITALSTATUS,BLOODGROUP,WEIGHT,HEIGHT,RELIGION,DATEOFBIRTH,GENDER,LIVINGSTATUS,VILLAGE,THANA,DISTRICT,DATEOFENROLL,TRADEID,RANKID,COMPANYID,ISPRESENT,TEMPORARYCOMMAND,ERE,SERVINGSTATUS,ACCESSROLE,AGE) values (161051,161051,'Sattyajit','Married','B+',165,176,'Islam',to_date('01-JAN-97','DD-MON-RR'),'Male','Barak','Sattyapur','Salampur','Borguna',to_date('15-JAN-05','DD-MON-RR'),2,9,1,0,'No','No','Serving','Soldier',26);
Insert into UMS.SOLDIER (SOLDIERID,PASSWORD,NAME,MARITALSTATUS,BLOODGROUP,WEIGHT,HEIGHT,RELIGION,DATEOFBIRTH,GENDER,LIVINGSTATUS,VILLAGE,THANA,DISTRICT,DATEOFENROLL,TRADEID,RANKID,COMPANYID,ISPRESENT,TEMPORARYCOMMAND,ERE,SERVINGSTATUS,ACCESSROLE,AGE) values (161025,161025,'Nazim','Married','AB+',140,160,'Hindu',to_date('08-MAY-90','DD-MON-RR'),'Male','Outliving','Kalsi','Birol','Sylhet',to_date('14-MAR-98','DD-MON-RR'),3,9,4,1,'No','No','Serving','Soldier',33);
Insert into UMS.SOLDIER (SOLDIERID,PASSWORD,NAME,MARITALSTATUS,BLOODGROUP,WEIGHT,HEIGHT,RELIGION,DATEOFBIRTH,GENDER,LIVINGSTATUS,VILLAGE,THANA,DISTRICT,DATEOFENROLL,TRADEID,RANKID,COMPANYID,ISPRESENT,TEMPORARYCOMMAND,ERE,SERVINGSTATUS,ACCESSROLE,AGE) values (161044,161044,'Asim','Married','O+',140,145,'Christian',to_date('11-MAR-89','DD-MON-RR'),'Male','Barak','Sathia','Bogura','Bogura',to_date('02-FEB-02','DD-MON-RR'),5,10,4,1,'No','No','Serving','Soldier',34);
Insert into UMS.SOLDIER (SOLDIERID,PASSWORD,NAME,MARITALSTATUS,BLOODGROUP,WEIGHT,HEIGHT,RELIGION,DATEOFBIRTH,GENDER,LIVINGSTATUS,VILLAGE,THANA,DISTRICT,DATEOFENROLL,TRADEID,RANKID,COMPANYID,ISPRESENT,TEMPORARYCOMMAND,ERE,SERVINGSTATUS,ACCESSROLE,AGE) values (161023,12345,'Kalim','Married','A+',110,144,'Islam',to_date('12-JAN-95','DD-MON-RR'),'Male','Inliving','Puthia','Dhaka','Khulna',to_date('12-JUN-05','DD-MON-RR'),2,11,4,1,'No','No','Serving','Soldier',28);
Insert into UMS.SOLDIER (SOLDIERID,PASSWORD,NAME,MARITALSTATUS,BLOODGROUP,WEIGHT,HEIGHT,RELIGION,DATEOFBIRTH,GENDER,LIVINGSTATUS,VILLAGE,THANA,DISTRICT,DATEOFENROLL,TRADEID,RANKID,COMPANYID,ISPRESENT,TEMPORARYCOMMAND,ERE,SERVINGSTATUS,ACCESSROLE,AGE) values (161049,161049,'Goni','Married','B+',138,176,'Islam',to_date('01-JUN-90','DD-MON-RR'),'Male','Outliving','Mirpur','Mollapur','Dhaka',to_date('03-SEP-00','DD-MON-RR'),4,8,4,1,'No','No','Serving','Soldier',33);
Insert into UMS.SOLDIER (SOLDIERID,PASSWORD,NAME,MARITALSTATUS,BLOODGROUP,WEIGHT,HEIGHT,RELIGION,DATEOFBIRTH,GENDER,LIVINGSTATUS,VILLAGE,THANA,DISTRICT,DATEOFENROLL,TRADEID,RANKID,COMPANYID,ISPRESENT,TEMPORARYCOMMAND,ERE,SERVINGSTATUS,ACCESSROLE,AGE) values (161052,161052,'Rafiq','Married','AB-',153,170,'Islam',to_date('23-OCT-89','DD-MON-RR'),'Male','Barak','Gopalpur','Ghatail','Tangail',to_date('01-JUN-08','DD-MON-RR'),2,10,1,0,'No','No','Serving','Soldier',33);
Insert into UMS.SOLDIER (SOLDIERID,PASSWORD,NAME,MARITALSTATUS,BLOODGROUP,WEIGHT,HEIGHT,RELIGION,DATEOFBIRTH,GENDER,LIVINGSTATUS,VILLAGE,THANA,DISTRICT,DATEOFENROLL,TRADEID,RANKID,COMPANYID,ISPRESENT,TEMPORARYCOMMAND,ERE,SERVINGSTATUS,ACCESSROLE,AGE) values (161033,161033,'Kalim','Unmarried','A+',130,156,'Islam',to_date('12-MAR-02','DD-MON-RR'),'Male','Barak','Poba','Nator','Nator',to_date('12-JAN-22','DD-MON-RR'),4,12,4,1,'No','No','Serving','Soldier',21);
Insert into UMS.SOLDIER (SOLDIERID,PASSWORD,NAME,MARITALSTATUS,BLOODGROUP,WEIGHT,HEIGHT,RELIGION,DATEOFBIRTH,GENDER,LIVINGSTATUS,VILLAGE,THANA,DISTRICT,DATEOFENROLL,TRADEID,RANKID,COMPANYID,ISPRESENT,TEMPORARYCOMMAND,ERE,SERVINGSTATUS,ACCESSROLE,AGE) values (161042,161042,'Sadat','Unmarried','O+',140,160,'Islam',to_date('12-DEC-96','DD-MON-RR'),'Male','Outliving','Birol','Dizni','Sylhet',to_date('02-JUL-00','DD-MON-RR'),5,11,3,1,'No','No','Serving','Soldier',26);
Insert into UMS.SOLDIER (SOLDIERID,PASSWORD,NAME,MARITALSTATUS,BLOODGROUP,WEIGHT,HEIGHT,RELIGION,DATEOFBIRTH,GENDER,LIVINGSTATUS,VILLAGE,THANA,DISTRICT,DATEOFENROLL,TRADEID,RANKID,COMPANYID,ISPRESENT,TEMPORARYCOMMAND,ERE,SERVINGSTATUS,ACCESSROLE,AGE) values (161053,161053,'Zakaria','Married','B+',150,174,'Islam',to_date('12-DEC-87','DD-MON-RR'),'Male','Barak','Gopalpur','Ghatail','Tangail',to_date('06-JUN-08','DD-MON-RR'),3,11,1,1,'No','No','Serving','Soldier',35);
Insert into UMS.SOLDIER (SOLDIERID,PASSWORD,NAME,MARITALSTATUS,BLOODGROUP,WEIGHT,HEIGHT,RELIGION,DATEOFBIRTH,GENDER,LIVINGSTATUS,VILLAGE,THANA,DISTRICT,DATEOFENROLL,TRADEID,RANKID,COMPANYID,ISPRESENT,TEMPORARYCOMMAND,ERE,SERVINGSTATUS,ACCESSROLE,AGE) values (161037,161037,'Bimol','Married','B+',140,160,'Islam',to_date('04-DEC-88','DD-MON-RR'),'Male','Inliving','Chapai','Dubai','Feni',to_date('04-JUN-95','DD-MON-RR'),6,9,3,1,'No','No','Serving','Soldier',34);
Insert into UMS.SOLDIER (SOLDIERID,PASSWORD,NAME,MARITALSTATUS,BLOODGROUP,WEIGHT,HEIGHT,RELIGION,DATEOFBIRTH,GENDER,LIVINGSTATUS,VILLAGE,THANA,DISTRICT,DATEOFENROLL,TRADEID,RANKID,COMPANYID,ISPRESENT,TEMPORARYCOMMAND,ERE,SERVINGSTATUS,ACCESSROLE,AGE) values (7068,7068,'Salahuddin','Married','B+',168,177,'Islam',to_date('05-APR-83','DD-MON-RR'),'Male','Inliving','Nagarpur','Barida','Naogaon',to_date('28-DEC-05','DD-MON-RR'),1,1,1,1,'No','No','Serving','admin',40);
Insert into UMS.SOLDIER (SOLDIERID,PASSWORD,NAME,MARITALSTATUS,BLOODGROUP,WEIGHT,HEIGHT,RELIGION,DATEOFBIRTH,GENDER,LIVINGSTATUS,VILLAGE,THANA,DISTRICT,DATEOFENROLL,TRADEID,RANKID,COMPANYID,ISPRESENT,TEMPORARYCOMMAND,ERE,SERVINGSTATUS,ACCESSROLE,AGE) values (161000,161000,'Polas','Married','O+',140,168,'Islam',to_date('01-JAN-80','DD-MON-RR'),'Male','Inliving','Cumilla','Cumilla','Cumilla',to_date('01-NOV-95','DD-MON-RR'),5,7,4,0,'No','No','Serving','Soldier',43);
Insert into UMS.SOLDIER (SOLDIERID,PASSWORD,NAME,MARITALSTATUS,BLOODGROUP,WEIGHT,HEIGHT,RELIGION,DATEOFBIRTH,GENDER,LIVINGSTATUS,VILLAGE,THANA,DISTRICT,DATEOFENROLL,TRADEID,RANKID,COMPANYID,ISPRESENT,TEMPORARYCOMMAND,ERE,SERVINGSTATUS,ACCESSROLE,AGE) values (161001,161001,'Mokhles','Married','B+',220,178,'Islam',to_date('05-FEB-69','DD-MON-RR'),'Male','Inliving','Pathrail','Tangail','Tangail',to_date('01-JAN-88','DD-MON-RR'),2,6,1,1,'No','No','Serving','Soldier',54);
Insert into UMS.SOLDIER (SOLDIERID,PASSWORD,NAME,MARITALSTATUS,BLOODGROUP,WEIGHT,HEIGHT,RELIGION,DATEOFBIRTH,GENDER,LIVINGSTATUS,VILLAGE,THANA,DISTRICT,DATEOFENROLL,TRADEID,RANKID,COMPANYID,ISPRESENT,TEMPORARYCOMMAND,ERE,SERVINGSTATUS,ACCESSROLE,AGE) values (161020,161020,'Hosen','Married','B+',135,160,'Islam',to_date('01-MAR-80','DD-MON-RR'),'Male','Outliving','Bagicha','Segun','Dhaka',to_date('01-JUN-98','DD-MON-RR'),3,9,3,1,'No','No','Serving','Soldier',43);
Insert into UMS.SOLDIER (SOLDIERID,PASSWORD,NAME,MARITALSTATUS,BLOODGROUP,WEIGHT,HEIGHT,RELIGION,DATEOFBIRTH,GENDER,LIVINGSTATUS,VILLAGE,THANA,DISTRICT,DATEOFENROLL,TRADEID,RANKID,COMPANYID,ISPRESENT,TEMPORARYCOMMAND,ERE,SERVINGSTATUS,ACCESSROLE,AGE) values (161050,161050,'Rabbani','Married','AB+',170,178,'Islam',to_date('01-JAN-75','DD-MON-RR'),'Male','Barak','Boroigram','Karimpur','Barishal',to_date('01-JAN-95','DD-MON-RR'),8,9,1,1,'No','No','Serving','Soldier',48);
Insert into UMS.SOLDIER (SOLDIERID,PASSWORD,NAME,MARITALSTATUS,BLOODGROUP,WEIGHT,HEIGHT,RELIGION,DATEOFBIRTH,GENDER,LIVINGSTATUS,VILLAGE,THANA,DISTRICT,DATEOFENROLL,TRADEID,RANKID,COMPANYID,ISPRESENT,TEMPORARYCOMMAND,ERE,SERVINGSTATUS,ACCESSROLE,AGE) values (161054,161054,'Raihan','Unmarried','B+',145,170,'Islam',to_date('08-SEP-00','DD-MON-RR'),'Male','Barak','Gopalpur','Sujanagar','Netrokona',to_date('01-JAN-19','DD-MON-RR'),2,12,1,1,'No','No','Serving','Soldier',22);
Insert into UMS.SOLDIER (SOLDIERID,PASSWORD,NAME,MARITALSTATUS,BLOODGROUP,WEIGHT,HEIGHT,RELIGION,DATEOFBIRTH,GENDER,LIVINGSTATUS,VILLAGE,THANA,DISTRICT,DATEOFENROLL,TRADEID,RANKID,COMPANYID,ISPRESENT,TEMPORARYCOMMAND,ERE,SERVINGSTATUS,ACCESSROLE,AGE) values (161019,161019,'Sohel','Unmarried','B+',140,170,'Islam',to_date('04-JAN-01','DD-MON-RR'),'Male','Barak','Gazipur','Hajipur','Tangail',to_date('06-MAR-20','DD-MON-RR'),5,12,4,0,'No','No','Serving','Soldier',22);
Insert into UMS.SOLDIER (SOLDIERID,PASSWORD,NAME,MARITALSTATUS,BLOODGROUP,WEIGHT,HEIGHT,RELIGION,DATEOFBIRTH,GENDER,LIVINGSTATUS,VILLAGE,THANA,DISTRICT,DATEOFENROLL,TRADEID,RANKID,COMPANYID,ISPRESENT,TEMPORARYCOMMAND,ERE,SERVINGSTATUS,ACCESSROLE,AGE) values (161056,161056,'Jomjom','Unmarried','AB+',190,168,'Hindu',to_date('22-DEC-02','DD-MON-RR'),'Male','Barak','Sujanagar','Kafrul','Rangpur',to_date('01-JAN-20','DD-MON-RR'),4,12,1,1,'No','No','Serving','Soldier',20);
Insert into UMS.SOLDIER (SOLDIERID,PASSWORD,NAME,MARITALSTATUS,BLOODGROUP,WEIGHT,HEIGHT,RELIGION,DATEOFBIRTH,GENDER,LIVINGSTATUS,VILLAGE,THANA,DISTRICT,DATEOFENROLL,TRADEID,RANKID,COMPANYID,ISPRESENT,TEMPORARYCOMMAND,ERE,SERVINGSTATUS,ACCESSROLE,AGE) values (161048,161048,'Molla','Married','O+',130,164,'Islam',to_date('06-FEB-97','DD-MON-RR'),'Male','Inliving','Bogura','Nator','Rajshahi',to_date('07-MAY-15','DD-MON-RR'),4,12,4,1,'No','No','Serving','Soldier',26);
Insert into UMS.SOLDIER (SOLDIERID,PASSWORD,NAME,MARITALSTATUS,BLOODGROUP,WEIGHT,HEIGHT,RELIGION,DATEOFBIRTH,GENDER,LIVINGSTATUS,VILLAGE,THANA,DISTRICT,DATEOFENROLL,TRADEID,RANKID,COMPANYID,ISPRESENT,TEMPORARYCOMMAND,ERE,SERVINGSTATUS,ACCESSROLE,AGE) values (161070,161070,'Nafis','Married','O+',295,178,'Islam',to_date('09-JAN-70','DD-MON-RR'),'Male','Inliving','Gaogram','Boroda','Netrokona',to_date('09-JAN-90','DD-MON-RR'),3,7,5,1,'No','No','Serving','Soldier',53);
Insert into UMS.SOLDIER (SOLDIERID,PASSWORD,NAME,MARITALSTATUS,BLOODGROUP,WEIGHT,HEIGHT,RELIGION,DATEOFBIRTH,GENDER,LIVINGSTATUS,VILLAGE,THANA,DISTRICT,DATEOFENROLL,TRADEID,RANKID,COMPANYID,ISPRESENT,TEMPORARYCOMMAND,ERE,SERVINGSTATUS,ACCESSROLE,AGE) values (161071,161071,'Sabbir','Married','A+',156,170,'Islam',to_date('04-FEB-81','DD-MON-RR'),'Male','Inliving','Gopalpur','Boroda','Pabna',to_date('04-JAN-00','DD-MON-RR'),5,9,5,1,'No','No','Serving','Soldier',42);
Insert into UMS.SOLDIER (SOLDIERID,PASSWORD,NAME,MARITALSTATUS,BLOODGROUP,WEIGHT,HEIGHT,RELIGION,DATEOFBIRTH,GENDER,LIVINGSTATUS,VILLAGE,THANA,DISTRICT,DATEOFENROLL,TRADEID,RANKID,COMPANYID,ISPRESENT,TEMPORARYCOMMAND,ERE,SERVINGSTATUS,ACCESSROLE,AGE) values (161040,161040,'Firoza','Married','A+',150,180,'Islam',to_date('03-JAN-98','DD-MON-RR'),'Female','Outliving','Poba','Rajpara','Barishal',to_date('01-MAY-13','DD-MON-RR'),2,11,4,1,'No','No','Serving','Soldier',25);
Insert into UMS.SOLDIER (SOLDIERID,PASSWORD,NAME,MARITALSTATUS,BLOODGROUP,WEIGHT,HEIGHT,RELIGION,DATEOFBIRTH,GENDER,LIVINGSTATUS,VILLAGE,THANA,DISTRICT,DATEOFENROLL,TRADEID,RANKID,COMPANYID,ISPRESENT,TEMPORARYCOMMAND,ERE,SERVINGSTATUS,ACCESSROLE,AGE) values (161072,161072,'Sadiq','Married','AB-',170,184,'Islam',to_date('06-SEP-85','DD-MON-RR'),'Male','Outliving','Mirpur 14','Kafrul','Dhaka',to_date('11-SEP-05','DD-MON-RR'),3,10,5,1,'No','No','Serving','Soldier',37);
Insert into UMS.SOLDIER (SOLDIERID,PASSWORD,NAME,MARITALSTATUS,BLOODGROUP,WEIGHT,HEIGHT,RELIGION,DATEOFBIRTH,GENDER,LIVINGSTATUS,VILLAGE,THANA,DISTRICT,DATEOFENROLL,TRADEID,RANKID,COMPANYID,ISPRESENT,TEMPORARYCOMMAND,ERE,SERVINGSTATUS,ACCESSROLE,AGE) values (161073,161073,'Jannat','Unmarried','B+',120,155,'Islam',to_date('08-MAR-98','DD-MON-RR'),'Female','Barak','Gopalpur','Kafrul','Rangpur',to_date('20-SEP-17','DD-MON-RR'),3,11,5,1,'No','No','Serving','Soldier',25);
Insert into UMS.SOLDIER (SOLDIERID,PASSWORD,NAME,MARITALSTATUS,BLOODGROUP,WEIGHT,HEIGHT,RELIGION,DATEOFBIRTH,GENDER,LIVINGSTATUS,VILLAGE,THANA,DISTRICT,DATEOFENROLL,TRADEID,RANKID,COMPANYID,ISPRESENT,TEMPORARYCOMMAND,ERE,SERVINGSTATUS,ACCESSROLE,AGE) values (161077,161077,'Foysal','Unmarried','A-',198,168,'Islam',to_date('28-SEP-00','DD-MON-RR'),'Male','Barak','Mirpur 14','Ghatail','Pabna',to_date('08-SEP-20','DD-MON-RR'),5,12,5,1,'No','No','Serving','Soldier',22);
Insert into UMS.SOLDIER (SOLDIERID,PASSWORD,NAME,MARITALSTATUS,BLOODGROUP,WEIGHT,HEIGHT,RELIGION,DATEOFBIRTH,GENDER,LIVINGSTATUS,VILLAGE,THANA,DISTRICT,DATEOFENROLL,TRADEID,RANKID,COMPANYID,ISPRESENT,TEMPORARYCOMMAND,ERE,SERVINGSTATUS,ACCESSROLE,AGE) values (171011,171011,'Kajol','Married','AB-',150,170,'Islam',to_date('01-MAY-78','DD-MON-RR'),'Male','Inliving','Poba','Demra','Bogura',to_date('07-FEB-95','DD-MON-RR'),2,7,3,1,'No','No','Serving','Soldier',45);
Insert into UMS.SOLDIER (SOLDIERID,PASSWORD,NAME,MARITALSTATUS,BLOODGROUP,WEIGHT,HEIGHT,RELIGION,DATEOFBIRTH,GENDER,LIVINGSTATUS,VILLAGE,THANA,DISTRICT,DATEOFENROLL,TRADEID,RANKID,COMPANYID,ISPRESENT,TEMPORARYCOMMAND,ERE,SERVINGSTATUS,ACCESSROLE,AGE) values (171039,171039,'Bishal','Married','A+',115,150,'Hindu',to_date('01-JAN-99','DD-MON-RR'),'Male','Inliving','Badda','Kalia','Nator',to_date('03-AUG-17','DD-MON-RR'),2,12,3,1,'No','No','Serving','Soldier',24);
Insert into UMS.SOLDIER (SOLDIERID,PASSWORD,NAME,MARITALSTATUS,BLOODGROUP,WEIGHT,HEIGHT,RELIGION,DATEOFBIRTH,GENDER,LIVINGSTATUS,VILLAGE,THANA,DISTRICT,DATEOFENROLL,TRADEID,RANKID,COMPANYID,ISPRESENT,TEMPORARYCOMMAND,ERE,SERVINGSTATUS,ACCESSROLE,AGE) values (171045,171045,'Bappi','Unmarried','B+',130,178,'Islam',to_date('01-JAN-00','DD-MON-RR'),'Male','Inliving','Alipur','Mirpur','Dinajpur',to_date('06-APR-18','DD-MON-RR'),2,12,3,0,'No','No','Serving','Soldier',23);
Insert into UMS.SOLDIER (SOLDIERID,PASSWORD,NAME,MARITALSTATUS,BLOODGROUP,WEIGHT,HEIGHT,RELIGION,DATEOFBIRTH,GENDER,LIVINGSTATUS,VILLAGE,THANA,DISTRICT,DATEOFENROLL,TRADEID,RANKID,COMPANYID,ISPRESENT,TEMPORARYCOMMAND,ERE,SERVINGSTATUS,ACCESSROLE,AGE) values (171050,171050,'Nipa','Unmarried','B+',120,150,'Hindu',to_date('01-FEB-00','DD-MON-RR'),'Female','Barak','Sathia','Nator','Dhaka',to_date('01-JUN-18','DD-MON-RR'),3,12,3,1,'No','No','Serving','Soldier',23);
Insert into UMS.SOLDIER (SOLDIERID,PASSWORD,NAME,MARITALSTATUS,BLOODGROUP,WEIGHT,HEIGHT,RELIGION,DATEOFBIRTH,GENDER,LIVINGSTATUS,VILLAGE,THANA,DISTRICT,DATEOFENROLL,TRADEID,RANKID,COMPANYID,ISPRESENT,TEMPORARYCOMMAND,ERE,SERVINGSTATUS,ACCESSROLE,AGE) values (171010,171010,'Rajib','Married','A+',140,180,'Islam',to_date('01-FEB-85','DD-MON-RR'),'Male','Inliving','Sathia','Demra','Bogura',to_date('01-FEB-96','DD-MON-RR'),2,7,2,1,'No','No','Serving','Soldier',38);
Insert into UMS.SOLDIER (SOLDIERID,PASSWORD,NAME,MARITALSTATUS,BLOODGROUP,WEIGHT,HEIGHT,RELIGION,DATEOFBIRTH,GENDER,LIVINGSTATUS,VILLAGE,THANA,DISTRICT,DATEOFENROLL,TRADEID,RANKID,COMPANYID,ISPRESENT,TEMPORARYCOMMAND,ERE,SERVINGSTATUS,ACCESSROLE,AGE) values (161074,161074,'Abrar','Married','B+',156,172,'Islam',to_date('23-SEP-82','DD-MON-RR'),'Male','Barak','Sujanagar','Pallabi','Rangpur',to_date('23-AUG-02','DD-MON-RR'),3,9,5,1,'No','No','Serving','Soldier',40);
Insert into UMS.SOLDIER (SOLDIERID,PASSWORD,NAME,MARITALSTATUS,BLOODGROUP,WEIGHT,HEIGHT,RELIGION,DATEOFBIRTH,GENDER,LIVINGSTATUS,VILLAGE,THANA,DISTRICT,DATEOFENROLL,TRADEID,RANKID,COMPANYID,ISPRESENT,TEMPORARYCOMMAND,ERE,SERVINGSTATUS,ACCESSROLE,AGE) values (171025,171025,'Rafid','Married','AB+',135,180,'Islam',to_date('03-MAR-80','DD-MON-RR'),'Male','Inliving','Mohakhali','Mirpur','Dinajpur',to_date('01-JUN-00','DD-MON-RR'),4,9,2,1,'No','No','Serving','Soldier',43);
Insert into UMS.SOLDIER (SOLDIERID,PASSWORD,NAME,MARITALSTATUS,BLOODGROUP,WEIGHT,HEIGHT,RELIGION,DATEOFBIRTH,GENDER,LIVINGSTATUS,VILLAGE,THANA,DISTRICT,DATEOFENROLL,TRADEID,RANKID,COMPANYID,ISPRESENT,TEMPORARYCOMMAND,ERE,SERVINGSTATUS,ACCESSROLE,AGE) values (171027,171027,'Noman','Married','B+',120,160,'Islam',to_date('01-AUG-85','DD-MON-RR'),'Male','Outliving','Kalsi','Demra','Khulna',to_date('01-JUL-01','DD-MON-RR'),2,9,2,1,'No','No','Serving','Soldier',37);
Insert into UMS.SOLDIER (SOLDIERID,PASSWORD,NAME,MARITALSTATUS,BLOODGROUP,WEIGHT,HEIGHT,RELIGION,DATEOFBIRTH,GENDER,LIVINGSTATUS,VILLAGE,THANA,DISTRICT,DATEOFENROLL,TRADEID,RANKID,COMPANYID,ISPRESENT,TEMPORARYCOMMAND,ERE,SERVINGSTATUS,ACCESSROLE,AGE) values (171030,171030,'Asad','Married','A+',120,155,'Islam',to_date('07-JUL-95','DD-MON-RR'),'Male','Barak','Poba','Demra','Nator',to_date('03-JUL-14','DD-MON-RR'),4,10,2,1,'No','No','Serving','Soldier',27);
Insert into UMS.SOLDIER (SOLDIERID,PASSWORD,NAME,MARITALSTATUS,BLOODGROUP,WEIGHT,HEIGHT,RELIGION,DATEOFBIRTH,GENDER,LIVINGSTATUS,VILLAGE,THANA,DISTRICT,DATEOFENROLL,TRADEID,RANKID,COMPANYID,ISPRESENT,TEMPORARYCOMMAND,ERE,SERVINGSTATUS,ACCESSROLE,AGE) values (171033,171033,'Nasim','Married','A+',140,170,'Islam',to_date('03-SEP-90','DD-MON-RR'),'Male','Barak','Badda','Kalia','Sylhet',to_date('02-SEP-05','DD-MON-RR'),5,10,2,1,'No','No','Serving','Soldier',32);
Insert into UMS.SOLDIER (SOLDIERID,PASSWORD,NAME,MARITALSTATUS,BLOODGROUP,WEIGHT,HEIGHT,RELIGION,DATEOFBIRTH,GENDER,LIVINGSTATUS,VILLAGE,THANA,DISTRICT,DATEOFENROLL,TRADEID,RANKID,COMPANYID,ISPRESENT,TEMPORARYCOMMAND,ERE,SERVINGSTATUS,ACCESSROLE,AGE) values (171037,171037,'Rubaid','Married','A+',135,175,'Islam',to_date('02-MAR-85','DD-MON-RR'),'Male','Outliving','Mohakhali','Nator','Khulna',to_date('03-APR-02','DD-MON-RR'),7,10,5,1,'No','No','Serving','Soldier',38);
Insert into UMS.SOLDIER (SOLDIERID,PASSWORD,NAME,MARITALSTATUS,BLOODGROUP,WEIGHT,HEIGHT,RELIGION,DATEOFBIRTH,GENDER,LIVINGSTATUS,VILLAGE,THANA,DISTRICT,DATEOFENROLL,TRADEID,RANKID,COMPANYID,ISPRESENT,TEMPORARYCOMMAND,ERE,SERVINGSTATUS,ACCESSROLE,AGE) values (171044,171044,'Kasem','Married','A+',130,160,'Islam',to_date('05-MAR-90','DD-MON-RR'),'Male','Inliving','Badda','Kalia','Bogura',to_date('03-JUL-10','DD-MON-RR'),5,11,2,0,'No','No','Serving','Soldier',33);
Insert into UMS.SOLDIER (SOLDIERID,PASSWORD,NAME,MARITALSTATUS,BLOODGROUP,WEIGHT,HEIGHT,RELIGION,DATEOFBIRTH,GENDER,LIVINGSTATUS,VILLAGE,THANA,DISTRICT,DATEOFENROLL,TRADEID,RANKID,COMPANYID,ISPRESENT,TEMPORARYCOMMAND,ERE,SERVINGSTATUS,ACCESSROLE,AGE) values (171077,171077,'Talha','Unmarried','AB+',130,156,'Islam',to_date('08-MAY-00','DD-MON-RR'),'Male','Barak','Poba','Demra','Dinajpur',to_date('01-APR-18','DD-MON-RR'),5,12,2,1,'No','No','Serving','Soldier',23);
Insert into UMS.SOLDIER (SOLDIERID,PASSWORD,NAME,MARITALSTATUS,BLOODGROUP,WEIGHT,HEIGHT,RELIGION,DATEOFBIRTH,GENDER,LIVINGSTATUS,VILLAGE,THANA,DISTRICT,DATEOFENROLL,TRADEID,RANKID,COMPANYID,ISPRESENT,TEMPORARYCOMMAND,ERE,SERVINGSTATUS,ACCESSROLE,AGE) values (161076,161076,'Sharmin','Unmarried','B+',115,164,'Islam',to_date('21-MAR-98','DD-MON-RR'),'Female','Barak','Khalpar','Diabari','Rajshahi',to_date('31-DEC-18','DD-MON-RR'),3,12,5,1,'No','No','Serving','Soldier',25);
Insert into UMS.SOLDIER (SOLDIERID,PASSWORD,NAME,MARITALSTATUS,BLOODGROUP,WEIGHT,HEIGHT,RELIGION,DATEOFBIRTH,GENDER,LIVINGSTATUS,VILLAGE,THANA,DISTRICT,DATEOFENROLL,TRADEID,RANKID,COMPANYID,ISPRESENT,TEMPORARYCOMMAND,ERE,SERVINGSTATUS,ACCESSROLE,AGE) values (171066,171066,'Josim','Unmarried','A+',120,150,'Islam',to_date('01-FEB-00','DD-MON-RR'),'Male','Barak','Mohakhali','Birol','Khulna',to_date('01-MAR-19','DD-MON-RR'),5,12,2,0,'No','No','Serving','Soldier',23);
Insert into UMS.SOLDIER (SOLDIERID,PASSWORD,NAME,MARITALSTATUS,BLOODGROUP,WEIGHT,HEIGHT,RELIGION,DATEOFBIRTH,GENDER,LIVINGSTATUS,VILLAGE,THANA,DISTRICT,DATEOFENROLL,TRADEID,RANKID,COMPANYID,ISPRESENT,TEMPORARYCOMMAND,ERE,SERVINGSTATUS,ACCESSROLE,AGE) values (161078,161078,'Marzun','Married','B+',156,170,'Islam',to_date('13-JAN-98','DD-MON-RR'),'Male','Outliving','Mirpur 13','Kafrul','Dhaka',to_date('22-MAR-16','DD-MON-RR'),4,11,5,0,'No','No','Serving','Soldier',25);
REM INSERTING into UMS.SOLDIERADVANCEDTRAINING
SET DEFINE OFF;
Insert into UMS.SOLDIERADVANCEDTRAINING (CADREID,SOLDIERID,REMARK,CADRENAME) values (2,171039,'Pass','ICT Cadre');
Insert into UMS.SOLDIERADVANCEDTRAINING (CADREID,SOLDIERID,REMARK,CADRENAME) values (2,171045,'Pass','ICT Cadre');
REM INSERTING into UMS.SOLDIERAPPOINTMENT
SET DEFINE OFF;
Insert into UMS.SOLDIERAPPOINTMENT (SOLDIERID,APPOINTMENTID) values (161051,9);
Insert into UMS.SOLDIERAPPOINTMENT (SOLDIERID,APPOINTMENTID) values (171010,16);
Insert into UMS.SOLDIERAPPOINTMENT (SOLDIERID,APPOINTMENTID) values (171025,11);
Insert into UMS.SOLDIERAPPOINTMENT (SOLDIERID,APPOINTMENTID) values (9388,5);
Insert into UMS.SOLDIERAPPOINTMENT (SOLDIERID,APPOINTMENTID) values (9205,5);
Insert into UMS.SOLDIERAPPOINTMENT (SOLDIERID,APPOINTMENTID) values (11411,5);
Insert into UMS.SOLDIERAPPOINTMENT (SOLDIERID,APPOINTMENTID) values (9090,5);
Insert into UMS.SOLDIERAPPOINTMENT (SOLDIERID,APPOINTMENTID) values (171027,17);
Insert into UMS.SOLDIERAPPOINTMENT (SOLDIERID,APPOINTMENTID) values (9310,5);
Insert into UMS.SOLDIERAPPOINTMENT (SOLDIERID,APPOINTMENTID) values (161051,8);
Insert into UMS.SOLDIERAPPOINTMENT (SOLDIERID,APPOINTMENTID) values (7068,1);
Insert into UMS.SOLDIERAPPOINTMENT (SOLDIERID,APPOINTMENTID) values (11411,3);
Insert into UMS.SOLDIERAPPOINTMENT (SOLDIERID,APPOINTMENTID) values (11507,4);
Insert into UMS.SOLDIERAPPOINTMENT (SOLDIERID,APPOINTMENTID) values (161050,7);
Insert into UMS.SOLDIERAPPOINTMENT (SOLDIERID,APPOINTMENTID) values (161001,6);
Insert into UMS.SOLDIERAPPOINTMENT (SOLDIERID,APPOINTMENTID) values (161070,9);
Insert into UMS.SOLDIERAPPOINTMENT (SOLDIERID,APPOINTMENTID) values (161054,12);
Insert into UMS.SOLDIERAPPOINTMENT (SOLDIERID,APPOINTMENTID) values (171044,12);
Insert into UMS.SOLDIERAPPOINTMENT (SOLDIERID,APPOINTMENTID) values (161074,10);
Insert into UMS.SOLDIERAPPOINTMENT (SOLDIERID,APPOINTMENTID) values (171045,12);
Insert into UMS.SOLDIERAPPOINTMENT (SOLDIERID,APPOINTMENTID) values (161072,12);
Insert into UMS.SOLDIERAPPOINTMENT (SOLDIERID,APPOINTMENTID) values (161000,12);
Insert into UMS.SOLDIERAPPOINTMENT (SOLDIERID,APPOINTMENTID) values (171045,12);
REM INSERTING into UMS.SOLDIERBASICTRAINING
SET DEFINE OFF;
Insert into UMS.SOLDIERBASICTRAINING (TRAININGID,TRAININGDATE,SOLDIERID,REMARK) values (1,to_date('02-APR-23','DD-MON-RR'),161042,'Pass');
Insert into UMS.SOLDIERBASICTRAINING (TRAININGID,TRAININGDATE,SOLDIERID,REMARK) values (1,to_date('14-FEB-23','DD-MON-RR'),9388,'Pass');
Insert into UMS.SOLDIERBASICTRAINING (TRAININGID,TRAININGDATE,SOLDIERID,REMARK) values (5,to_date('22-MAY-23','DD-MON-RR'),161025,'Pass');
Insert into UMS.SOLDIERBASICTRAINING (TRAININGID,TRAININGDATE,SOLDIERID,REMARK) values (4,to_date('22-MAY-23','DD-MON-RR'),161019,'Pass');
REM INSERTING into UMS.SOLDIERTEAM
SET DEFINE OFF;
Insert into UMS.SOLDIERTEAM (SOLDIERID,TEAMID) values (161011,1);
Insert into UMS.SOLDIERTEAM (SOLDIERID,TEAMID) values (161042,1);
Insert into UMS.SOLDIERTEAM (SOLDIERID,TEAMID) values (161022,1);
Insert into UMS.SOLDIERTEAM (SOLDIERID,TEAMID) values (161037,1);
Insert into UMS.SOLDIERTEAM (SOLDIERID,TEAMID) values (171039,1);
Insert into UMS.SOLDIERTEAM (SOLDIERID,TEAMID) values (171011,1);
Insert into UMS.SOLDIERTEAM (SOLDIERID,TEAMID) values (161023,1);
Insert into UMS.SOLDIERTEAM (SOLDIERID,TEAMID) values (161048,1);
Insert into UMS.SOLDIERTEAM (SOLDIERID,TEAMID) values (161070,1);
Insert into UMS.SOLDIERTEAM (SOLDIERID,TEAMID) values (161050,2);
Insert into UMS.SOLDIERTEAM (SOLDIERID,TEAMID) values (161051,2);
Insert into UMS.SOLDIERTEAM (SOLDIERID,TEAMID) values (161056,2);
Insert into UMS.SOLDIERTEAM (SOLDIERID,TEAMID) values (161053,2);
Insert into UMS.SOLDIERTEAM (SOLDIERID,TEAMID) values (171033,2);
Insert into UMS.SOLDIERTEAM (SOLDIERID,TEAMID) values (171030,2);
Insert into UMS.SOLDIERTEAM (SOLDIERID,TEAMID) values (171027,2);
Insert into UMS.SOLDIERTEAM (SOLDIERID,TEAMID) values (171025,2);
Insert into UMS.SOLDIERTEAM (SOLDIERID,TEAMID) values (161037,2);
Insert into UMS.SOLDIERTEAM (SOLDIERID,TEAMID) values (171045,2);
Insert into UMS.SOLDIERTEAM (SOLDIERID,TEAMID) values (171011,2);
Insert into UMS.SOLDIERTEAM (SOLDIERID,TEAMID) values (9388,2);
Insert into UMS.SOLDIERTEAM (SOLDIERID,TEAMID) values (161020,2);
Insert into UMS.SOLDIERTEAM (SOLDIERID,TEAMID) values (161040,2);
Insert into UMS.SOLDIERTEAM (SOLDIERID,TEAMID) values (161049,2);
Insert into UMS.SOLDIERTEAM (SOLDIERID,TEAMID) values (161074,2);
Insert into UMS.SOLDIERTEAM (SOLDIERID,TEAMID) values (161077,2);
Insert into UMS.SOLDIERTEAM (SOLDIERID,TEAMID) values (161073,2);
Insert into UMS.SOLDIERTEAM (SOLDIERID,TEAMID) values (161054,1);
Insert into UMS.SOLDIERTEAM (SOLDIERID,TEAMID) values (161056,1);
REM INSERTING into UMS.TEAM
SET DEFINE OFF;
Insert into UMS.TEAM (TEAMID,TEAMNAME,STARTDATE,ENDDATE,TEAMOIC) values (1,'Football',to_date('01-FEB-23','DD-MON-RR'),null,'Nofaer');
Insert into UMS.TEAM (TEAMID,TEAMNAME,STARTDATE,ENDDATE,TEAMOIC) values (2,'QRF',to_date('01-JAN-23','DD-MON-RR'),null,'Morshed');
REM INSERTING into UMS.TRADE
SET DEFINE OFF;
Insert into UMS.TRADE (TRADEID,TRADE) values (2,'Op');
Insert into UMS.TRADE (TRADEID,TRADE) values (3,'Tech');
Insert into UMS.TRADE (TRADEID,TRADE) values (4,'Dvr');
Insert into UMS.TRADE (TRADEID,TRADE) values (5,'WS');
Insert into UMS.TRADE (TRADEID,TRADE) values (6,'E&Br');
Insert into UMS.TRADE (TRADEID,TRADE) values (7,'Ck');
Insert into UMS.TRADE (TRADEID,TRADE) values (8,'Crypto');
Insert into UMS.TRADE (TRADEID,TRADE) values (1,'N/A');
--------------------------------------------------------
--  DDL for Trigger APPOINTMENTABSENT
--------------------------------------------------------

  CREATE OR REPLACE TRIGGER "UMS"."APPOINTMENTABSENT" 
BEFORE INSERT OR UPDATE ON SOLDIERAPPOINTMENT
FOR EACH ROW
DECLARE
    isPresent NUMBER;
BEGIN
    -- Check if the soldier is absent
    SELECT ISPRESENT INTO isPresent
    FROM SOLDIER
    WHERE SoldierID = :NEW.SoldierID;

    -- If the soldier is absent, raise an exception
    IF isPresent = 0 THEN
        RAISE_APPLICATION_ERROR(-20001, 'Soldier is absent');
    END IF;
END;

/
ALTER TRIGGER "UMS"."APPOINTMENTABSENT" ENABLE;
--------------------------------------------------------
--  DDL for Trigger CHECK_LEAVE_TRIGGER
--------------------------------------------------------

  CREATE OR REPLACE TRIGGER "UMS"."CHECK_LEAVE_TRIGGER" 
BEFORE INSERT  ON LeaveModule
FOR EACH ROW
DECLARE
    leave_count NUMBER;
BEGIN
    -- Check if the soldier is currently on leave
    SELECT COUNT(*) INTO leave_count
    FROM LeaveModule
    WHERE SoldierID = :NEW.SoldierID
        AND LeaveStartDate <= TRUNC(SYSDATE)
        AND LeaveEndDate >= TRUNC(SYSDATE);

    -- If the soldier is currently on leave, raise an exception
    IF leave_count > 0 THEN
        RAISE_APPLICATION_ERROR(-20001, 'Soldier is already on leave.');
    END IF;
END;
/
ALTER TRIGGER "UMS"."CHECK_LEAVE_TRIGGER" ENABLE;
--------------------------------------------------------
--  DDL for Trigger CHECK_MEDICAL_DISPOSAL_TRIGGER
--------------------------------------------------------

  CREATE OR REPLACE TRIGGER "UMS"."CHECK_MEDICAL_DISPOSAL_TRIGGER" 
BEFORE INSERT ON MedicalInfo
FOR EACH ROW
DECLARE
    disposal_count NUMBER;
    is_present NUMBER;
BEGIN
    -- Check if there are any overlapping disposal dates for the soldier
    SELECT COUNT(*) INTO disposal_count
    FROM MedicalInfo
    WHERE SoldierID = :NEW.SoldierID
        AND ((:NEW.StartDate >= StartDate AND :NEW.StartDate <= EndDate)
            OR (:NEW.EndDate >= StartDate AND :NEW.EndDate <= EndDate));

    -- If there are overlapping disposal dates, raise an exception
    IF disposal_count > 0 THEN
        RAISE_APPLICATION_ERROR(-20001, 'Medical disposal dates overlap for the soldier');
    END IF;

    -- Check if the soldier is absent (IsPresent = 0)
    SELECT IsPresent INTO is_present
    FROM Soldier
    WHERE SoldierID = :NEW.SoldierID;

    IF is_present = 0 THEN
        RAISE_APPLICATION_ERROR(-20002, 'Soldier is absent, cannot add medical disposal');
    END IF;
END;

/
ALTER TRIGGER "UMS"."CHECK_MEDICAL_DISPOSAL_TRIGGER" ENABLE;
--------------------------------------------------------
--  DDL for Trigger CHECK_TEMP_ERE_TRIGGER
--------------------------------------------------------

  CREATE OR REPLACE TRIGGER "UMS"."CHECK_TEMP_ERE_TRIGGER" 
BEFORE INSERT OR UPDATE ON Soldier
FOR EACH ROW
BEGIN
    IF :NEW.TemporaryCommand = 'Yes' AND :NEW.ERE = 'Yes' THEN
        RAISE_APPLICATION_ERROR(-20001, 'A soldier cannot be in Temporary Command and ERE simultaneously.');
    END IF;
END;

/
ALTER TRIGGER "UMS"."CHECK_TEMP_ERE_TRIGGER" ENABLE;
--------------------------------------------------------
--  DDL for Trigger MEDICALIDTRIGGER
--------------------------------------------------------

  CREATE OR REPLACE TRIGGER "UMS"."MEDICALIDTRIGGER" 
BEFORE INSERT ON MedicalInfo
FOR EACH ROW
BEGIN
  SELECT MedicalIDSeq.NEXTVAL INTO :new.MedicalID FROM dual;
END;
/
ALTER TRIGGER "UMS"."MEDICALIDTRIGGER" ENABLE;
--------------------------------------------------------
--  DDL for Trigger SET_SOLDIER_PASSWORD
--------------------------------------------------------

  CREATE OR REPLACE TRIGGER "UMS"."SET_SOLDIER_PASSWORD" 
BEFORE INSERT ON Soldier
FOR EACH ROW
BEGIN
  IF :new.AccessRole = 'Soldier' THEN
    :new.PASSWORD := :new.SOLDIERID;
  END IF;
END;

/
ALTER TRIGGER "UMS"."SET_SOLDIER_PASSWORD" ENABLE;
--------------------------------------------------------
--  DDL for Procedure UPDATECARRIERPLAN
--------------------------------------------------------
set define off;

  CREATE OR REPLACE PROCEDURE "UMS"."UPDATECARRIERPLAN" (
            p_soldierID IN NUMBER,
            p_firstCycle IN VARCHAR2,
            p_secondCycle IN VARCHAR2,
            p_thirdCycle IN VARCHAR2,
            p_fourthCycle IN VARCHAR2
        ) AS
            l_count NUMBER;
        BEGIN
            SELECT COUNT(*) INTO l_count FROM CarrierPlan WHERE PLANID = p_soldierID;

            IF l_count > 0 THEN
                UPDATE CarrierPlan
                SET FIRSTCYCLE = p_firstCycle,
                    SECONDCYCLE = p_secondCycle,
                    THIRDCYCLE = p_thirdCycle,
                    FOURTHCYCLE = p_fourthCycle
                WHERE PLANID = p_soldierID;
            ELSE
                INSERT INTO CarrierPlan (PLANID, FIRSTCYCLE, SECONDCYCLE, THIRDCYCLE, FOURTHCYCLE)
                VALUES (p_soldierID, p_firstCycle, p_secondCycle, p_thirdCycle, p_fourthCycle);
            END IF;
        END;

/
--------------------------------------------------------
--  DDL for Function CALCULATEAGE
--------------------------------------------------------

  CREATE OR REPLACE FUNCTION "UMS"."CALCULATEAGE" (DateOfBirth DATE) RETURN NUMBER DETERMINISTIC IS
BEGIN
  RETURN TRUNC(MONTHS_BETWEEN(SYSDATE, DateOfBirth) / 12);
END;

/
--------------------------------------------------------
--  DDL for Function CALCULATEISPRESENT
--------------------------------------------------------

  CREATE OR REPLACE FUNCTION "UMS"."CALCULATEISPRESENT" (p_soldier_id IN NUMBER)
  RETURN NUMBER
DETERMINISTIC
IS
  l_leave_count NUMBER;
  l_temp_command VARCHAR2(3);
  l_ere VARCHAR2(3);
  l_serving_status VARCHAR2(10);
  l_disposal_count NUMBER;
BEGIN
  -- Check if the soldier is on leave
  SELECT COUNT(*) INTO l_leave_count
  FROM TODAYS_LEAVE_VIEW
  WHERE SoldierID = p_soldier_id;

  -- Check the soldier's temporary command, ere, and serving status
  SELECT TemporaryCommand, ERE, ServingStatus
  INTO l_temp_command, l_ere, l_serving_status
  FROM Soldier
  WHERE SoldierID = p_soldier_id;

  -- Check if the soldier has a disposal today
  SELECT COUNT(*) INTO l_disposal_count
  FROM MedicalInfo
  WHERE SOLDIERID = p_soldier_id
    AND TRUNC(STARTDATE) <= TRUNC(SYSDATE)
    AND TRUNC(ENDDATE) >= TRUNC(SYSDATE);

  -- Return 0 if soldier is on leave, has a disposal today, or meets additional conditions, 1 otherwise
  RETURN CASE
    WHEN l_leave_count > 0 THEN 0
    WHEN l_temp_command = 'Yes' OR l_ere = 'Yes' OR l_serving_status <> 'Serving' OR l_disposal_count > 0 THEN 0
    ELSE 1
  END;
END;

/
--------------------------------------------------------
--  Constraints for Table TRADE
--------------------------------------------------------

  ALTER TABLE "UMS"."TRADE" ADD PRIMARY KEY ("TRADEID")
  USING INDEX PCTFREE 10 INITRANS 2 MAXTRANS 255 COMPUTE STATISTICS 
  STORAGE(INITIAL 65536 NEXT 1048576 MINEXTENTS 1 MAXEXTENTS 2147483645
  PCTINCREASE 0 FREELISTS 1 FREELIST GROUPS 1 BUFFER_POOL DEFAULT FLASH_CACHE DEFAULT CELL_FLASH_CACHE DEFAULT)
  TABLESPACE "USERS"  ENABLE;
--------------------------------------------------------
--  Constraints for Table TEAM
--------------------------------------------------------

  ALTER TABLE "UMS"."TEAM" ADD PRIMARY KEY ("TEAMID")
  USING INDEX PCTFREE 10 INITRANS 2 MAXTRANS 255 COMPUTE STATISTICS 
  STORAGE(INITIAL 65536 NEXT 1048576 MINEXTENTS 1 MAXEXTENTS 2147483645
  PCTINCREASE 0 FREELISTS 1 FREELIST GROUPS 1 BUFFER_POOL DEFAULT FLASH_CACHE DEFAULT CELL_FLASH_CACHE DEFAULT)
  TABLESPACE "USERS"  ENABLE;
--------------------------------------------------------
--  Constraints for Table CARRIERPLAN
--------------------------------------------------------

  ALTER TABLE "UMS"."CARRIERPLAN" ADD PRIMARY KEY ("SOLDIERID")
  USING INDEX PCTFREE 10 INITRANS 2 MAXTRANS 255 
  STORAGE(INITIAL 65536 NEXT 1048576 MINEXTENTS 1 MAXEXTENTS 2147483645
  PCTINCREASE 0 FREELISTS 1 FREELIST GROUPS 1 BUFFER_POOL DEFAULT FLASH_CACHE DEFAULT CELL_FLASH_CACHE DEFAULT)
  TABLESPACE "USERS"  ENABLE;
--------------------------------------------------------
--  Constraints for Table BASICTRAINING
--------------------------------------------------------

  ALTER TABLE "UMS"."BASICTRAINING" ADD PRIMARY KEY ("TRAININGID")
  USING INDEX PCTFREE 10 INITRANS 2 MAXTRANS 255 COMPUTE STATISTICS 
  STORAGE(INITIAL 65536 NEXT 1048576 MINEXTENTS 1 MAXEXTENTS 2147483645
  PCTINCREASE 0 FREELISTS 1 FREELIST GROUPS 1 BUFFER_POOL DEFAULT FLASH_CACHE DEFAULT CELL_FLASH_CACHE DEFAULT)
  TABLESPACE "USERS"  ENABLE;
--------------------------------------------------------
--  Constraints for Table APPOINTMENTS
--------------------------------------------------------

  ALTER TABLE "UMS"."APPOINTMENTS" ADD PRIMARY KEY ("APPOINTMENTID")
  USING INDEX PCTFREE 10 INITRANS 2 MAXTRANS 255 COMPUTE STATISTICS 
  STORAGE(INITIAL 65536 NEXT 1048576 MINEXTENTS 1 MAXEXTENTS 2147483645
  PCTINCREASE 0 FREELISTS 1 FREELIST GROUPS 1 BUFFER_POOL DEFAULT FLASH_CACHE DEFAULT CELL_FLASH_CACHE DEFAULT)
  TABLESPACE "USERS"  ENABLE;
--------------------------------------------------------
--  Constraints for Table PUNISHMENT
--------------------------------------------------------

  ALTER TABLE "UMS"."PUNISHMENT" ADD PRIMARY KEY ("PUNISHMENTID")
  USING INDEX PCTFREE 10 INITRANS 2 MAXTRANS 255 COMPUTE STATISTICS 
  STORAGE(INITIAL 65536 NEXT 1048576 MINEXTENTS 1 MAXEXTENTS 2147483645
  PCTINCREASE 0 FREELISTS 1 FREELIST GROUPS 1 BUFFER_POOL DEFAULT FLASH_CACHE DEFAULT CELL_FLASH_CACHE DEFAULT)
  TABLESPACE "USERS"  ENABLE;
--------------------------------------------------------
--  Constraints for Table RANKS
--------------------------------------------------------

  ALTER TABLE "UMS"."RANKS" ADD PRIMARY KEY ("RANKID")
  USING INDEX PCTFREE 10 INITRANS 2 MAXTRANS 255 COMPUTE STATISTICS 
  STORAGE(INITIAL 65536 NEXT 1048576 MINEXTENTS 1 MAXEXTENTS 2147483645
  PCTINCREASE 0 FREELISTS 1 FREELIST GROUPS 1 BUFFER_POOL DEFAULT FLASH_CACHE DEFAULT CELL_FLASH_CACHE DEFAULT)
  TABLESPACE "USERS"  ENABLE;
--------------------------------------------------------
--  Constraints for Table LEAVEMODULE
--------------------------------------------------------

  ALTER TABLE "UMS"."LEAVEMODULE" ADD PRIMARY KEY ("LEAVEID")
  USING INDEX PCTFREE 10 INITRANS 2 MAXTRANS 255 COMPUTE STATISTICS 
  STORAGE(INITIAL 65536 NEXT 1048576 MINEXTENTS 1 MAXEXTENTS 2147483645
  PCTINCREASE 0 FREELISTS 1 FREELIST GROUPS 1 BUFFER_POOL DEFAULT FLASH_CACHE DEFAULT CELL_FLASH_CACHE DEFAULT)
  TABLESPACE "USERS"  ENABLE;
--------------------------------------------------------
--  Constraints for Table MEDICALINFO
--------------------------------------------------------

  ALTER TABLE "UMS"."MEDICALINFO" ADD PRIMARY KEY ("MEDICALID")
  USING INDEX PCTFREE 10 INITRANS 2 MAXTRANS 255 COMPUTE STATISTICS 
  STORAGE(INITIAL 65536 NEXT 1048576 MINEXTENTS 1 MAXEXTENTS 2147483645
  PCTINCREASE 0 FREELISTS 1 FREELIST GROUPS 1 BUFFER_POOL DEFAULT FLASH_CACHE DEFAULT CELL_FLASH_CACHE DEFAULT)
  TABLESPACE "USERS"  ENABLE;
--------------------------------------------------------
--  Constraints for Table SOLDIER
--------------------------------------------------------

  ALTER TABLE "UMS"."SOLDIER" ADD PRIMARY KEY ("SOLDIERID")
  USING INDEX PCTFREE 10 INITRANS 2 MAXTRANS 255 
  STORAGE(INITIAL 65536 NEXT 1048576 MINEXTENTS 1 MAXEXTENTS 2147483645
  PCTINCREASE 0 FREELISTS 1 FREELIST GROUPS 1 BUFFER_POOL DEFAULT FLASH_CACHE DEFAULT CELL_FLASH_CACHE DEFAULT)
  TABLESPACE "USERS"  ENABLE;
--------------------------------------------------------
--  Constraints for Table COMPANY
--------------------------------------------------------

  ALTER TABLE "UMS"."COMPANY" ADD PRIMARY KEY ("COMPANYID")
  USING INDEX PCTFREE 10 INITRANS 2 MAXTRANS 255 COMPUTE STATISTICS 
  STORAGE(INITIAL 65536 NEXT 1048576 MINEXTENTS 1 MAXEXTENTS 2147483645
  PCTINCREASE 0 FREELISTS 1 FREELIST GROUPS 1 BUFFER_POOL DEFAULT FLASH_CACHE DEFAULT CELL_FLASH_CACHE DEFAULT)
  TABLESPACE "USERS"  ENABLE;
--------------------------------------------------------
--  Constraints for Table ADVANCETRAINING
--------------------------------------------------------

  ALTER TABLE "UMS"."ADVANCETRAINING" ADD PRIMARY KEY ("CADREID")
  USING INDEX PCTFREE 10 INITRANS 2 MAXTRANS 255 COMPUTE STATISTICS 
  STORAGE(INITIAL 65536 NEXT 1048576 MINEXTENTS 1 MAXEXTENTS 2147483645
  PCTINCREASE 0 FREELISTS 1 FREELIST GROUPS 1 BUFFER_POOL DEFAULT FLASH_CACHE DEFAULT CELL_FLASH_CACHE DEFAULT)
  TABLESPACE "USERS"  ENABLE;
--------------------------------------------------------
--  Ref Constraints for Table AUTHORIZATION
--------------------------------------------------------

  ALTER TABLE "UMS"."AUTHORIZATION" ADD FOREIGN KEY ("COMPANYID")
	  REFERENCES "UMS"."COMPANY" ("COMPANYID") ENABLE;
--------------------------------------------------------
--  Ref Constraints for Table CARRIERPLAN
--------------------------------------------------------

  ALTER TABLE "UMS"."CARRIERPLAN" ADD FOREIGN KEY ("SOLDIERID")
	  REFERENCES "UMS"."SOLDIER" ("SOLDIERID") ENABLE;
--------------------------------------------------------
--  Ref Constraints for Table CONTACTNUMBER
--------------------------------------------------------

  ALTER TABLE "UMS"."CONTACTNUMBER" ADD FOREIGN KEY ("SOLDIERID")
	  REFERENCES "UMS"."SOLDIER" ("SOLDIERID") ENABLE;
--------------------------------------------------------
--  Ref Constraints for Table SOLDIER
--------------------------------------------------------

  ALTER TABLE "UMS"."SOLDIER" ADD FOREIGN KEY ("TRADEID")
	  REFERENCES "UMS"."TRADE" ("TRADEID") ENABLE;
  ALTER TABLE "UMS"."SOLDIER" ADD FOREIGN KEY ("RANKID")
	  REFERENCES "UMS"."RANKS" ("RANKID") ENABLE;
  ALTER TABLE "UMS"."SOLDIER" ADD FOREIGN KEY ("COMPANYID")
	  REFERENCES "UMS"."COMPANY" ("COMPANYID") ENABLE;
--------------------------------------------------------
--  Ref Constraints for Table SOLDIERADVANCEDTRAINING
--------------------------------------------------------

  ALTER TABLE "UMS"."SOLDIERADVANCEDTRAINING" ADD FOREIGN KEY ("CADREID")
	  REFERENCES "UMS"."ADVANCETRAINING" ("CADREID") ENABLE;
  ALTER TABLE "UMS"."SOLDIERADVANCEDTRAINING" ADD FOREIGN KEY ("SOLDIERID")
	  REFERENCES "UMS"."SOLDIER" ("SOLDIERID") ENABLE;
--------------------------------------------------------
--  Ref Constraints for Table SOLDIERAPPOINTMENT
--------------------------------------------------------

  ALTER TABLE "UMS"."SOLDIERAPPOINTMENT" ADD FOREIGN KEY ("APPOINTMENTID")
	  REFERENCES "UMS"."APPOINTMENTS" ("APPOINTMENTID") ENABLE;
--------------------------------------------------------
--  Ref Constraints for Table SOLDIERBASICTRAINING
--------------------------------------------------------

  ALTER TABLE "UMS"."SOLDIERBASICTRAINING" ADD FOREIGN KEY ("TRAININGID")
	  REFERENCES "UMS"."BASICTRAINING" ("TRAININGID") ENABLE;
--------------------------------------------------------
--  Ref Constraints for Table SOLDIERTEAM
--------------------------------------------------------

  ALTER TABLE "UMS"."SOLDIERTEAM" ADD FOREIGN KEY ("TEAMID")
	  REFERENCES "UMS"."APPOINTMENTS" ("APPOINTMENTID") ENABLE;
