--------------------------------------------------------
--  File created - Tuesday-June-20-2023   
--------------------------------------------------------
REM INSERTING into UMS.ADVANCETRAINING
SET DEFINE OFF;
Insert into UMS.ADVANCETRAINING (CADREID,NAME,TRAININGSTARTDATE,TRAININGENDDATE,TRAININGOIC,INSTRUCTOR,RESULT) values (1,'Sig Cdr',to_date('19-JUN-23','DD-MON-RR'),to_date('20-JUN-23','DD-MON-RR'),null,'ABC','Pass');
Insert into UMS.ADVANCETRAINING (CADREID,NAME,TRAININGSTARTDATE,TRAININGENDDATE,TRAININGOIC,INSTRUCTOR,RESULT) values (2,'Sig Cdr',to_date('19-JUN-23','DD-MON-RR'),to_date('20-JUN-23','DD-MON-RR'),null,'ABC','Pass');
Insert into UMS.ADVANCETRAINING (CADREID,NAME,TRAININGSTARTDATE,TRAININGENDDATE,TRAININGOIC,INSTRUCTOR,RESULT) values (3,'Sig Cdr',to_date('19-JUN-23','DD-MON-RR'),to_date('20-JUN-23','DD-MON-RR'),'Mr X','ABC','Pass');
REM INSERTING into UMS.APPOINTMENTS
SET DEFINE OFF;
Insert into UMS.APPOINTMENTS (APPOINTMENTID,APPOINTMENTNAME) values (1,'CO');
Insert into UMS.APPOINTMENTS (APPOINTMENTID,APPOINTMENTNAME) values (2,'2IC');
Insert into UMS.APPOINTMENTS (APPOINTMENTID,APPOINTMENTNAME) values (3,'ADJT');
Insert into UMS.APPOINTMENTS (APPOINTMENTID,APPOINTMENTNAME) values (4,'QM');
Insert into UMS.APPOINTMENTS (APPOINTMENTID,APPOINTMENTNAME) values (5,'COY COMD');
Insert into UMS.APPOINTMENTS (APPOINTMENTID,APPOINTMENTNAME) values (6,'SM');
Insert into UMS.APPOINTMENTS (APPOINTMENTID,APPOINTMENTNAME) values (7,'BSM');
Insert into UMS.APPOINTMENTS (APPOINTMENTID,APPOINTMENTNAME) values (8,'RP NCO');
Insert into UMS.APPOINTMENTS (APPOINTMENTID,APPOINTMENTNAME) values (9,'CSM');
Insert into UMS.APPOINTMENTS (APPOINTMENTID,APPOINTMENTNAME) values (10,'CQMS');
Insert into UMS.APPOINTMENTS (APPOINTMENTID,APPOINTMENTNAME) values (11,'MT NCO');
Insert into UMS.APPOINTMENTS (APPOINTMENTID,APPOINTMENTNAME) values (12,'STOREMAN');
Insert into UMS.APPOINTMENTS (APPOINTMENTID,APPOINTMENTNAME) values (13,'HD CLK');
Insert into UMS.APPOINTMENTS (APPOINTMENTID,APPOINTMENTNAME) values (14,'ORS');
Insert into UMS.APPOINTMENTS (APPOINTMENTID,APPOINTMENTNAME) values (15,'Duty Officer');
Insert into UMS.APPOINTMENTS (APPOINTMENTID,APPOINTMENTNAME) values (16,'Duty JCO');
Insert into UMS.APPOINTMENTS (APPOINTMENTID,APPOINTMENTNAME) values (17,'Duty NCO');
Insert into UMS.APPOINTMENTS (APPOINTMENTID,APPOINTMENTNAME) values (18,'Quarter Guard');
REM INSERTING into UMS.AUTHORIZATION
SET DEFINE OFF;
Insert into UMS.AUTHORIZATION (MANPOWER,COMPANYID) values (100,6);
Insert into UMS.AUTHORIZATION (MANPOWER,COMPANYID) values (35,1);
Insert into UMS.AUTHORIZATION (MANPOWER,COMPANYID) values (80,2);
Insert into UMS.AUTHORIZATION (MANPOWER,COMPANYID) values (116,3);
Insert into UMS.AUTHORIZATION (MANPOWER,COMPANYID) values (96,5);
Insert into UMS.AUTHORIZATION (MANPOWER,COMPANYID) values (80,4);
REM INSERTING into UMS.BASICTRAINING
SET DEFINE OFF;
Insert into UMS.BASICTRAINING (TRAININGID,TRAININGCODE,TRAININGNAME) values (5,'TRG-05','GRENADE FIRING');
Insert into UMS.BASICTRAINING (TRAININGID,TRAININGCODE,TRAININGNAME) values (1,'TRG-01','1st Biannual IPFT ');
Insert into UMS.BASICTRAINING (TRAININGID,TRAININGCODE,TRAININGNAME) values (2,'TRG-02','2nd Biannual IPFT ');
Insert into UMS.BASICTRAINING (TRAININGID,TRAININGCODE,TRAININGNAME) values (3,'TRG-03','GRENADE FIRING');
Insert into UMS.BASICTRAINING (TRAININGID,TRAININGCODE,TRAININGNAME) values (4,'TRG-04','SPEED MARCH');
REM INSERTING into UMS.CARRIERPLAN
SET DEFINE OFF;
Insert into UMS.CARRIERPLAN (SOLDIERID,FIRSTCYCLE,SECONDCYCLE,THIRDCYCLE,FOURTHCYCLE) values (161070,'Training','Admin','Training','Admin');
Insert into UMS.CARRIERPLAN (SOLDIERID,FIRSTCYCLE,SECONDCYCLE,THIRDCYCLE,FOURTHCYCLE) values (161074,'Leave','Admin','Training','Admin');
Insert into UMS.CARRIERPLAN (SOLDIERID,FIRSTCYCLE,SECONDCYCLE,THIRDCYCLE,FOURTHCYCLE) values (161071,'Admin','Leave','Admin','Training');
Insert into UMS.CARRIERPLAN (SOLDIERID,FIRSTCYCLE,SECONDCYCLE,THIRDCYCLE,FOURTHCYCLE) values (161072,'Leave','Training','Admin','Admin');
Insert into UMS.CARRIERPLAN (SOLDIERID,FIRSTCYCLE,SECONDCYCLE,THIRDCYCLE,FOURTHCYCLE) values (171037,'Admin','Leave','Training','Admin');
Insert into UMS.CARRIERPLAN (SOLDIERID,FIRSTCYCLE,SECONDCYCLE,THIRDCYCLE,FOURTHCYCLE) values (161078,'Admin','Leave','Training','Admin');
Insert into UMS.CARRIERPLAN (SOLDIERID,FIRSTCYCLE,SECONDCYCLE,THIRDCYCLE,FOURTHCYCLE) values (161073,'Admin','Admin','Admin','Admin');
Insert into UMS.CARRIERPLAN (SOLDIERID,FIRSTCYCLE,SECONDCYCLE,THIRDCYCLE,FOURTHCYCLE) values (161076,'Training','Admin','Leave','Admin');
Insert into UMS.CARRIERPLAN (SOLDIERID,FIRSTCYCLE,SECONDCYCLE,THIRDCYCLE,FOURTHCYCLE) values (161077,'Leave','Admin','Admin','Training');
Insert into UMS.CARRIERPLAN (SOLDIERID,FIRSTCYCLE,SECONDCYCLE,THIRDCYCLE,FOURTHCYCLE) values (171011,'Admin','Leave','Training','Admin');
Insert into UMS.CARRIERPLAN (SOLDIERID,FIRSTCYCLE,SECONDCYCLE,THIRDCYCLE,FOURTHCYCLE) values (161037,'Leave','Admin','Admin','Admin');
Insert into UMS.CARRIERPLAN (SOLDIERID,FIRSTCYCLE,SECONDCYCLE,THIRDCYCLE,FOURTHCYCLE) values (161020,'Training','Admin','Admin','Admin');
Insert into UMS.CARRIERPLAN (SOLDIERID,FIRSTCYCLE,SECONDCYCLE,THIRDCYCLE,FOURTHCYCLE) values (161011,'Admin','Admin','Admin','Admin');
Insert into UMS.CARRIERPLAN (SOLDIERID,FIRSTCYCLE,SECONDCYCLE,THIRDCYCLE,FOURTHCYCLE) values (161042,'Leave','Admin','Admin','Admin');
Insert into UMS.CARRIERPLAN (SOLDIERID,FIRSTCYCLE,SECONDCYCLE,THIRDCYCLE,FOURTHCYCLE) values (161022,'Training','Admin','Admin','Admin');
Insert into UMS.CARRIERPLAN (SOLDIERID,FIRSTCYCLE,SECONDCYCLE,THIRDCYCLE,FOURTHCYCLE) values (171050,'Admin','Admin','Training','Admin');
Insert into UMS.CARRIERPLAN (SOLDIERID,FIRSTCYCLE,SECONDCYCLE,THIRDCYCLE,FOURTHCYCLE) values (171045,'Leave','Leave','Training','Admin');
Insert into UMS.CARRIERPLAN (SOLDIERID,FIRSTCYCLE,SECONDCYCLE,THIRDCYCLE,FOURTHCYCLE) values (171039,'Training','Admin','Leave','Admin');
Insert into UMS.CARRIERPLAN (SOLDIERID,FIRSTCYCLE,SECONDCYCLE,THIRDCYCLE,FOURTHCYCLE) values (161050,'Admin','Leave','Training','Admin');
Insert into UMS.CARRIERPLAN (SOLDIERID,FIRSTCYCLE,SECONDCYCLE,THIRDCYCLE,FOURTHCYCLE) values (161051,'Training','Admin','Leave','Admin');
Insert into UMS.CARRIERPLAN (SOLDIERID,FIRSTCYCLE,SECONDCYCLE,THIRDCYCLE,FOURTHCYCLE) values (161052,'Leave','Admin','Training','Admin');
Insert into UMS.CARRIERPLAN (SOLDIERID,FIRSTCYCLE,SECONDCYCLE,THIRDCYCLE,FOURTHCYCLE) values (161053,'Admin','Training','Leave','Admin');
Insert into UMS.CARRIERPLAN (SOLDIERID,FIRSTCYCLE,SECONDCYCLE,THIRDCYCLE,FOURTHCYCLE) values (1610,'Admin','Admin','Admin','Admin');
Insert into UMS.CARRIERPLAN (SOLDIERID,FIRSTCYCLE,SECONDCYCLE,THIRDCYCLE,FOURTHCYCLE) values (161054,'Training','Leave','Admin','Admin');
Insert into UMS.CARRIERPLAN (SOLDIERID,FIRSTCYCLE,SECONDCYCLE,THIRDCYCLE,FOURTHCYCLE) values (161056,'Admin','Admin','Admin','Admin');
Insert into UMS.CARRIERPLAN (SOLDIERID,FIRSTCYCLE,SECONDCYCLE,THIRDCYCLE,FOURTHCYCLE) values (161000,'Admin','Leave','Admin','Training');
Insert into UMS.CARRIERPLAN (SOLDIERID,FIRSTCYCLE,SECONDCYCLE,THIRDCYCLE,FOURTHCYCLE) values (161049,'Leave','Training','Admin','Admin');
Insert into UMS.CARRIERPLAN (SOLDIERID,FIRSTCYCLE,SECONDCYCLE,THIRDCYCLE,FOURTHCYCLE) values (161025,'Training','Admin','Leave','Admin');
Insert into UMS.CARRIERPLAN (SOLDIERID,FIRSTCYCLE,SECONDCYCLE,THIRDCYCLE,FOURTHCYCLE) values (161044,'Admin','Leave','Training','Admin');
Insert into UMS.CARRIERPLAN (SOLDIERID,FIRSTCYCLE,SECONDCYCLE,THIRDCYCLE,FOURTHCYCLE) values (161023,'Training','Leave','Admin','Admin');
Insert into UMS.CARRIERPLAN (SOLDIERID,FIRSTCYCLE,SECONDCYCLE,THIRDCYCLE,FOURTHCYCLE) values (161040,'Leave','Admin','Training','Admin');
Insert into UMS.CARRIERPLAN (SOLDIERID,FIRSTCYCLE,SECONDCYCLE,THIRDCYCLE,FOURTHCYCLE) values (161033,'Admin','Leave','Training','Admin');
Insert into UMS.CARRIERPLAN (SOLDIERID,FIRSTCYCLE,SECONDCYCLE,THIRDCYCLE,FOURTHCYCLE) values (161019,'Leave','Admin','Training','Admin');
Insert into UMS.CARRIERPLAN (SOLDIERID,FIRSTCYCLE,SECONDCYCLE,THIRDCYCLE,FOURTHCYCLE) values (161048,'Training','Leave','Admin','Admin');
Insert into UMS.CARRIERPLAN (SOLDIERID,FIRSTCYCLE,SECONDCYCLE,THIRDCYCLE,FOURTHCYCLE) values (171010,'Leave','Training','Admin','Admin');
Insert into UMS.CARRIERPLAN (SOLDIERID,FIRSTCYCLE,SECONDCYCLE,THIRDCYCLE,FOURTHCYCLE) values (171025,'Admin','Training','Admin','Leave');
Insert into UMS.CARRIERPLAN (SOLDIERID,FIRSTCYCLE,SECONDCYCLE,THIRDCYCLE,FOURTHCYCLE) values (171027,'Leave','Admin','Admin','Admin');
Insert into UMS.CARRIERPLAN (SOLDIERID,FIRSTCYCLE,SECONDCYCLE,THIRDCYCLE,FOURTHCYCLE) values (171030,'Admin','Admin','Admin','Admin');
Insert into UMS.CARRIERPLAN (SOLDIERID,FIRSTCYCLE,SECONDCYCLE,THIRDCYCLE,FOURTHCYCLE) values (171033,'Admin','Admin','Admin','Leave');
Insert into UMS.CARRIERPLAN (SOLDIERID,FIRSTCYCLE,SECONDCYCLE,THIRDCYCLE,FOURTHCYCLE) values (171044,'Admin','Admin','Admin','Admin');
Insert into UMS.CARRIERPLAN (SOLDIERID,FIRSTCYCLE,SECONDCYCLE,THIRDCYCLE,FOURTHCYCLE) values (171077,'Admin','Admin','Admin','Admin');
Insert into UMS.CARRIERPLAN (SOLDIERID,FIRSTCYCLE,SECONDCYCLE,THIRDCYCLE,FOURTHCYCLE) values (171066,'Admin','Admin','Admin','Admin');
REM INSERTING into UMS.COMPANY
SET DEFINE OFF;
Insert into UMS.COMPANY (COMPANYID,COMPANYNAME) values (6,'MIST');
Insert into UMS.COMPANY (COMPANYID,COMPANYNAME) values (1,'BHQ PL');
Insert into UMS.COMPANY (COMPANYID,COMPANYNAME) values (2,'HQ');
Insert into UMS.COMPANY (COMPANYID,COMPANYNAME) values (3,'Radio');
Insert into UMS.COMPANY (COMPANYID,COMPANYNAME) values (4,'OP');
Insert into UMS.COMPANY (COMPANYID,COMPANYNAME) values (5,'RR & LINE');
REM INSERTING into UMS.CONTACTNUMBER
SET DEFINE OFF;
Insert into UMS.CONTACTNUMBER (SOLDIERID,CONTACTNUMBER) values (161051,'01769161098');
Insert into UMS.CONTACTNUMBER (SOLDIERID,CONTACTNUMBER) values (9388,'01674515669');
Insert into UMS.CONTACTNUMBER (SOLDIERID,CONTACTNUMBER) values (9388,'01769009388');
Insert into UMS.CONTACTNUMBER (SOLDIERID,CONTACTNUMBER) values (9090,'01769009090');
Insert into UMS.CONTACTNUMBER (SOLDIERID,CONTACTNUMBER) values (9090,'01769008698');
Insert into UMS.CONTACTNUMBER (SOLDIERID,CONTACTNUMBER) values (9205,'01769669352');
Insert into UMS.CONTACTNUMBER (SOLDIERID,CONTACTNUMBER) values (9205,'00000000000');
Insert into UMS.CONTACTNUMBER (SOLDIERID,CONTACTNUMBER) values (1610,'01700000000');
Insert into UMS.CONTACTNUMBER (SOLDIERID,CONTACTNUMBER) values (1610,'0');
Insert into UMS.CONTACTNUMBER (SOLDIERID,CONTACTNUMBER) values (11411,'0176911411');
Insert into UMS.CONTACTNUMBER (SOLDIERID,CONTACTNUMBER) values (11411,'1111111111');
Insert into UMS.CONTACTNUMBER (SOLDIERID,CONTACTNUMBER) values (11507,'0176911507');
Insert into UMS.CONTACTNUMBER (SOLDIERID,CONTACTNUMBER) values (11507,'2222222222');
Insert into UMS.CONTACTNUMBER (SOLDIERID,CONTACTNUMBER) values (161011,'01647237479');
Insert into UMS.CONTACTNUMBER (SOLDIERID,CONTACTNUMBER) values (161011,'1');
Insert into UMS.CONTACTNUMBER (SOLDIERID,CONTACTNUMBER) values (9310,'01769009310');
Insert into UMS.CONTACTNUMBER (SOLDIERID,CONTACTNUMBER) values (9310,'01769009311');
Insert into UMS.CONTACTNUMBER (SOLDIERID,CONTACTNUMBER) values (161022,'01870000654');
Insert into UMS.CONTACTNUMBER (SOLDIERID,CONTACTNUMBER) values (161022,'1');
Insert into UMS.CONTACTNUMBER (SOLDIERID,CONTACTNUMBER) values (161051,'01769161051');
Insert into UMS.CONTACTNUMBER (SOLDIERID,CONTACTNUMBER) values (161051,'01769163637');
Insert into UMS.CONTACTNUMBER (SOLDIERID,CONTACTNUMBER) values (161025,'01760987654');
Insert into UMS.CONTACTNUMBER (SOLDIERID,CONTACTNUMBER) values (161025,'1');
Insert into UMS.CONTACTNUMBER (SOLDIERID,CONTACTNUMBER) values (161044,'01670987654');
Insert into UMS.CONTACTNUMBER (SOLDIERID,CONTACTNUMBER) values (161044,'1');
Insert into UMS.CONTACTNUMBER (SOLDIERID,CONTACTNUMBER) values (161023,'01661234567');
Insert into UMS.CONTACTNUMBER (SOLDIERID,CONTACTNUMBER) values (161023,'0');
Insert into UMS.CONTACTNUMBER (SOLDIERID,CONTACTNUMBER) values (161049,'01789854319');
Insert into UMS.CONTACTNUMBER (SOLDIERID,CONTACTNUMBER) values (161049,'1');
Insert into UMS.CONTACTNUMBER (SOLDIERID,CONTACTNUMBER) values (161052,'01769161052');
Insert into UMS.CONTACTNUMBER (SOLDIERID,CONTACTNUMBER) values (161033,'01879123456');
Insert into UMS.CONTACTNUMBER (SOLDIERID,CONTACTNUMBER) values (161033,'0');
Insert into UMS.CONTACTNUMBER (SOLDIERID,CONTACTNUMBER) values (161052,'01769161052');
Insert into UMS.CONTACTNUMBER (SOLDIERID,CONTACTNUMBER) values (161042,'01912345679');
Insert into UMS.CONTACTNUMBER (SOLDIERID,CONTACTNUMBER) values (161042,'1');
Insert into UMS.CONTACTNUMBER (SOLDIERID,CONTACTNUMBER) values (161053,'01769161053');
Insert into UMS.CONTACTNUMBER (SOLDIERID,CONTACTNUMBER) values (161037,'01561234567');
Insert into UMS.CONTACTNUMBER (SOLDIERID,CONTACTNUMBER) values (161037,'1');
Insert into UMS.CONTACTNUMBER (SOLDIERID,CONTACTNUMBER) values (7068,'01769007068');
Insert into UMS.CONTACTNUMBER (SOLDIERID,CONTACTNUMBER) values (161000,'01763412335');
Insert into UMS.CONTACTNUMBER (SOLDIERID,CONTACTNUMBER) values (161000,'1');
Insert into UMS.CONTACTNUMBER (SOLDIERID,CONTACTNUMBER) values (161001,'01796161001');
Insert into UMS.CONTACTNUMBER (SOLDIERID,CONTACTNUMBER) values (161020,'01712345676');
Insert into UMS.CONTACTNUMBER (SOLDIERID,CONTACTNUMBER) values (161020,'01712345677');
Insert into UMS.CONTACTNUMBER (SOLDIERID,CONTACTNUMBER) values (161050,'01769241962');
Insert into UMS.CONTACTNUMBER (SOLDIERID,CONTACTNUMBER) values (161020,'01860192837');
Insert into UMS.CONTACTNUMBER (SOLDIERID,CONTACTNUMBER) values (161020,'01860192838');
Insert into UMS.CONTACTNUMBER (SOLDIERID,CONTACTNUMBER) values (161054,'01769161054');
Insert into UMS.CONTACTNUMBER (SOLDIERID,CONTACTNUMBER) values (161019,'01780192837');
Insert into UMS.CONTACTNUMBER (SOLDIERID,CONTACTNUMBER) values (161019,'01780192838');
Insert into UMS.CONTACTNUMBER (SOLDIERID,CONTACTNUMBER) values (161056,'01769161056');
Insert into UMS.CONTACTNUMBER (SOLDIERID,CONTACTNUMBER) values (161048,'01571234567');
Insert into UMS.CONTACTNUMBER (SOLDIERID,CONTACTNUMBER) values (161048,'01571234587');
Insert into UMS.CONTACTNUMBER (SOLDIERID,CONTACTNUMBER) values (161070,'01769161070');
Insert into UMS.CONTACTNUMBER (SOLDIERID,CONTACTNUMBER) values (161071,'01769161071');
Insert into UMS.CONTACTNUMBER (SOLDIERID,CONTACTNUMBER) values (161040,'01780987654');
Insert into UMS.CONTACTNUMBER (SOLDIERID,CONTACTNUMBER) values (161040,'01780987655');
Insert into UMS.CONTACTNUMBER (SOLDIERID,CONTACTNUMBER) values (161072,'01769161072');
Insert into UMS.CONTACTNUMBER (SOLDIERID,CONTACTNUMBER) values (161073,'01769161073');
Insert into UMS.CONTACTNUMBER (SOLDIERID,CONTACTNUMBER) values (161077,'01769161077');
Insert into UMS.CONTACTNUMBER (SOLDIERID,CONTACTNUMBER) values (171011,'01562973898');
Insert into UMS.CONTACTNUMBER (SOLDIERID,CONTACTNUMBER) values (171011,'01562973899');
Insert into UMS.CONTACTNUMBER (SOLDIERID,CONTACTNUMBER) values (171039,'01819876543');
Insert into UMS.CONTACTNUMBER (SOLDIERID,CONTACTNUMBER) values (171039,'01819876549');
Insert into UMS.CONTACTNUMBER (SOLDIERID,CONTACTNUMBER) values (171045,'01647237487');
Insert into UMS.CONTACTNUMBER (SOLDIERID,CONTACTNUMBER) values (171045,'01647237666');
Insert into UMS.CONTACTNUMBER (SOLDIERID,CONTACTNUMBER) values (171050,'01760981111');
Insert into UMS.CONTACTNUMBER (SOLDIERID,CONTACTNUMBER) values (171010,'01647777479');
Insert into UMS.CONTACTNUMBER (SOLDIERID,CONTACTNUMBER) values (171010,'01647777488');
Insert into UMS.CONTACTNUMBER (SOLDIERID,CONTACTNUMBER) values (161074,'01769161074');
Insert into UMS.CONTACTNUMBER (SOLDIERID,CONTACTNUMBER) values (171025,'01670007654');
Insert into UMS.CONTACTNUMBER (SOLDIERID,CONTACTNUMBER) values (171025,'01670007688');
Insert into UMS.CONTACTNUMBER (SOLDIERID,CONTACTNUMBER) values (171027,'01760980000');
Insert into UMS.CONTACTNUMBER (SOLDIERID,CONTACTNUMBER) values (171027,'01760980088');
Insert into UMS.CONTACTNUMBER (SOLDIERID,CONTACTNUMBER) values (171030,'01760987633');
Insert into UMS.CONTACTNUMBER (SOLDIERID,CONTACTNUMBER) values (171030,'01760987666');
Insert into UMS.CONTACTNUMBER (SOLDIERID,CONTACTNUMBER) values (171033,'01645537479');
Insert into UMS.CONTACTNUMBER (SOLDIERID,CONTACTNUMBER) values (171033,'01645537455');
Insert into UMS.CONTACTNUMBER (SOLDIERID,CONTACTNUMBER) values (171037,'01760987699');
Insert into UMS.CONTACTNUMBER (SOLDIERID,CONTACTNUMBER) values (171037,'01760987688');
Insert into UMS.CONTACTNUMBER (SOLDIERID,CONTACTNUMBER) values (171044,'01760987611');
Insert into UMS.CONTACTNUMBER (SOLDIERID,CONTACTNUMBER) values (171044,'01760987699');
Insert into UMS.CONTACTNUMBER (SOLDIERID,CONTACTNUMBER) values (171077,'01763337654');
Insert into UMS.CONTACTNUMBER (SOLDIERID,CONTACTNUMBER) values (161076,'01769161076');
Insert into UMS.CONTACTNUMBER (SOLDIERID,CONTACTNUMBER) values (171066,'01870055654');
Insert into UMS.CONTACTNUMBER (SOLDIERID,CONTACTNUMBER) values (161078,'01769161078');
REM INSERTING into UMS.LEAVEMODULE
SET DEFINE OFF;
Insert into UMS.LEAVEMODULE (LEAVEID,SOLDIERID,LEAVETYPE,LEAVESTARTDATE,LEAVEENDDATE) values (8,9205,'Weekend',to_date('20-JUN-23','DD-MON-RR'),to_date('21-JUN-23','DD-MON-RR'));
Insert into UMS.LEAVEMODULE (LEAVEID,SOLDIERID,LEAVETYPE,LEAVESTARTDATE,LEAVEENDDATE) values (22,11507,'Weekend',to_date('09-JUN-23','DD-MON-RR'),to_date('11-JUN-23','DD-MON-RR'));
Insert into UMS.LEAVEMODULE (LEAVEID,SOLDIERID,LEAVETYPE,LEAVESTARTDATE,LEAVEENDDATE) values (1,161011,'C Leave',to_date('18-JUN-23','DD-MON-RR'),to_date('30-JUN-23','DD-MON-RR'));
Insert into UMS.LEAVEMODULE (LEAVEID,SOLDIERID,LEAVETYPE,LEAVESTARTDATE,LEAVEENDDATE) values (2,161020,'C Leave',to_date('14-JUN-23','DD-MON-RR'),to_date('03-JUL-23','DD-MON-RR'));
Insert into UMS.LEAVEMODULE (LEAVEID,SOLDIERID,LEAVETYPE,LEAVESTARTDATE,LEAVEENDDATE) values (3,171050,'R Leave',to_date('01-JUN-23','DD-MON-RR'),to_date('15-JUN-23','DD-MON-RR'));
Insert into UMS.LEAVEMODULE (LEAVEID,SOLDIERID,LEAVETYPE,LEAVESTARTDATE,LEAVEENDDATE) values (6,171044,'P Leave',to_date('01-JUN-23','DD-MON-RR'),to_date('31-JUL-23','DD-MON-RR'));
REM INSERTING into UMS.MEDICALINFO
SET DEFINE OFF;
Insert into UMS.MEDICALINFO (MEDICALID,SOLDIERID,DISPOSALTYPE,STARTDATE,ENDDATE,REASON) values (41,161022,'PPGF',to_date('19-JUN-23','DD-MON-RR'),to_date('21-JUN-23','DD-MON-RR'),'Ankle Sprain');
Insert into UMS.MEDICALINFO (MEDICALID,SOLDIERID,DISPOSALTYPE,STARTDATE,ENDDATE,REASON) values (42,171077,'SIQ',to_date('20-JUN-23','DD-MON-RR'),to_date('21-JUN-23','DD-MON-RR'),'Fever');
REM INSERTING into UMS.PUNISHMENT
SET DEFINE OFF;
Insert into UMS.PUNISHMENT (PUNISHMENTID,SOLDIERID,PUNISHMENT,REASON,PUNISHMENTDATE) values (81,161056,'28 Days RI','AWOL',to_date('01-MAY-23','DD-MON-RR'));
Insert into UMS.PUNISHMENT (PUNISHMENTID,SOLDIERID,PUNISHMENT,REASON,PUNISHMENTDATE) values (82,161073,'Severe Reprimand','Absent on Duty',to_date('01-JUN-23','DD-MON-RR'));
REM INSERTING into UMS.RANKS
SET DEFINE OFF;
Insert into UMS.RANKS (RANKID,RANK) values (1,'Lt Col');
Insert into UMS.RANKS (RANKID,RANK) values (2,'Maj');
Insert into UMS.RANKS (RANKID,RANK) values (3,'Capt');
Insert into UMS.RANKS (RANKID,RANK) values (4,'Lt');
Insert into UMS.RANKS (RANKID,RANK) values (5,'2Lt');
Insert into UMS.RANKS (RANKID,RANK) values (6,'MWO');
Insert into UMS.RANKS (RANKID,RANK) values (7,'SWO');
Insert into UMS.RANKS (RANKID,RANK) values (8,'WO');
Insert into UMS.RANKS (RANKID,RANK) values (9,'Sgt');
Insert into UMS.RANKS (RANKID,RANK) values (10,'Cpl');
Insert into UMS.RANKS (RANKID,RANK) values (11,'Lcpl');
Insert into UMS.RANKS (RANKID,RANK) values (12,'Snk');
REM INSERTING into UMS.SOLDIER
SET DEFINE OFF;
Insert into UMS.SOLDIER (SOLDIERID,PASSWORD,NAME,MARITALSTATUS,BLOODGROUP,WEIGHT,HEIGHT,RELIGION,DATEOFBIRTH,GENDER,LIVINGSTATUS,VILLAGE,THANA,DISTRICT,DATEOFENROLL,TRADEID,RANKID,COMPANYID,ISPRESENT,TEMPORARYCOMMAND,ERE,SERVINGSTATUS,ACCESSROLE,AGE) values (9388,9388,'Nofaer','Married','A+',158,170,'Islam',to_date('26-MAY-93','DD-MON-RR'),'Male','Inliving','Homna','Homna','Cumilla',to_date('26-DEC-15','DD-MON-RR'),1,2,3,1,'No','No','Serving','admin',30);
Insert into UMS.SOLDIER (SOLDIERID,PASSWORD,NAME,MARITALSTATUS,BLOODGROUP,WEIGHT,HEIGHT,RELIGION,DATEOFBIRTH,GENDER,LIVINGSTATUS,VILLAGE,THANA,DISTRICT,DATEOFENROLL,TRADEID,RANKID,COMPANYID,ISPRESENT,TEMPORARYCOMMAND,ERE,SERVINGSTATUS,ACCESSROLE,AGE) values (9090,null,'Ferdousi','Married','O+',120,161,'Islam',to_date('02-JAN-93','DD-MON-RR'),'Female','Outliving','Rangpur','Rangpur','Rangpur',to_date('01-DEC-15','DD-MON-RR'),1,2,2,1,'No','No','Serving','Soldier',30);
Insert into UMS.SOLDIER (SOLDIERID,PASSWORD,NAME,MARITALSTATUS,BLOODGROUP,WEIGHT,HEIGHT,RELIGION,DATEOFBIRTH,GENDER,LIVINGSTATUS,VILLAGE,THANA,DISTRICT,DATEOFENROLL,TRADEID,RANKID,COMPANYID,ISPRESENT,TEMPORARYCOMMAND,ERE,SERVINGSTATUS,ACCESSROLE,AGE) values (9205,null,'Subrina','Unmarried','AB+',128,158,'Islam',to_date('31-DEC-95','DD-MON-RR'),'Female','Barak','Sujanagar','Sujanagar','Pabna',to_date('06-DEC-15','DD-MON-RR'),1,2,4,0,'No','No','Serving','Soldier',27);
Insert into UMS.SOLDIER (SOLDIERID,PASSWORD,NAME,MARITALSTATUS,BLOODGROUP,WEIGHT,HEIGHT,RELIGION,DATEOFBIRTH,GENDER,LIVINGSTATUS,VILLAGE,THANA,DISTRICT,DATEOFENROLL,TRADEID,RANKID,COMPANYID,ISPRESENT,TEMPORARYCOMMAND,ERE,SERVINGSTATUS,ACCESSROLE,AGE) values (1610,null,'Rahim','Unmarried','A+',150,160,'Islam',to_date('21-JUN-00','DD-MON-RR'),'Male','Barak','Alipur','Kalia','Dhaka',to_date('31-DEC-20','DD-MON-RR'),2,12,1,1,'No','No','Serving','Soldier',22);
Insert into UMS.SOLDIER (SOLDIERID,PASSWORD,NAME,MARITALSTATUS,BLOODGROUP,WEIGHT,HEIGHT,RELIGION,DATEOFBIRTH,GENDER,LIVINGSTATUS,VILLAGE,THANA,DISTRICT,DATEOFENROLL,TRADEID,RANKID,COMPANYID,ISPRESENT,TEMPORARYCOMMAND,ERE,SERVINGSTATUS,ACCESSROLE,AGE) values (11411,null,'Morshed','Unmarried','O+',146,175,'Islam',to_date('27-DEC-00','DD-MON-RR'),'Male','Barak','Sujanagar','Sujanagar','Pabna',to_date('22-JUN-22','DD-MON-RR'),1,4,1,1,'No','No','Serving','Soldier',22);
Insert into UMS.SOLDIER (SOLDIERID,PASSWORD,NAME,MARITALSTATUS,BLOODGROUP,WEIGHT,HEIGHT,RELIGION,DATEOFBIRTH,GENDER,LIVINGSTATUS,VILLAGE,THANA,DISTRICT,DATEOFENROLL,TRADEID,RANKID,COMPANYID,ISPRESENT,TEMPORARYCOMMAND,ERE,SERVINGSTATUS,ACCESSROLE,AGE) values (11507,null,'Tanvir','Unmarried','AB+',125,165,'Islam',to_date('23-SEP-99','DD-MON-RR'),'Male','Barak','Mohammadpur','Mohammadpur','Dhaka',to_date('08-JUN-22','DD-MON-RR'),1,4,2,1,'No','No','Serving','Soldier',23);
Insert into UMS.SOLDIER (SOLDIERID,PASSWORD,NAME,MARITALSTATUS,BLOODGROUP,WEIGHT,HEIGHT,RELIGION,DATEOFBIRTH,GENDER,LIVINGSTATUS,VILLAGE,THANA,DISTRICT,DATEOFENROLL,TRADEID,RANKID,COMPANYID,ISPRESENT,TEMPORARYCOMMAND,ERE,SERVINGSTATUS,ACCESSROLE,AGE) values (161011,null,'Halim','Married','B+',157,180,'Islam',to_date('03-MAR-95','DD-MON-RR'),'Male','Inliving','Badda','Mirpur','Dinajpur',to_date('21-JUN-20','DD-MON-RR'),3,11,3,0,'No','No','Serving','Soldier',28);
Insert into UMS.SOLDIER (SOLDIERID,PASSWORD,NAME,MARITALSTATUS,BLOODGROUP,WEIGHT,HEIGHT,RELIGION,DATEOFBIRTH,GENDER,LIVINGSTATUS,VILLAGE,THANA,DISTRICT,DATEOFENROLL,TRADEID,RANKID,COMPANYID,ISPRESENT,TEMPORARYCOMMAND,ERE,SERVINGSTATUS,ACCESSROLE,AGE) values (9310,null,'Imtiaz','Married','B+',148,176,'Islam',to_date('01-JAN-96','DD-MON-RR'),'Male','Outliving','Mirpur 14','Kafrul','Dhaka',to_date('26-DEC-15','DD-MON-RR'),1,2,5,1,'No','No','Serving','Soldier',27);
Insert into UMS.SOLDIER (SOLDIERID,PASSWORD,NAME,MARITALSTATUS,BLOODGROUP,WEIGHT,HEIGHT,RELIGION,DATEOFBIRTH,GENDER,LIVINGSTATUS,VILLAGE,THANA,DISTRICT,DATEOFENROLL,TRADEID,RANKID,COMPANYID,ISPRESENT,TEMPORARYCOMMAND,ERE,SERVINGSTATUS,ACCESSROLE,AGE) values (161022,null,'Salim','Married','B+',140,174,'Islam',to_date('12-FEB-99','DD-MON-RR'),'Male','Outliving','Mohakhali','Demra','Khulna',to_date('12-APR-02','DD-MON-RR'),7,11,3,0,'No','No','Serving','Soldier',24);
Insert into UMS.SOLDIER (SOLDIERID,PASSWORD,NAME,MARITALSTATUS,BLOODGROUP,WEIGHT,HEIGHT,RELIGION,DATEOFBIRTH,GENDER,LIVINGSTATUS,VILLAGE,THANA,DISTRICT,DATEOFENROLL,TRADEID,RANKID,COMPANYID,ISPRESENT,TEMPORARYCOMMAND,ERE,SERVINGSTATUS,ACCESSROLE,AGE) values (161051,null,'Sattyajit','Married','B+',165,176,'Islam',to_date('01-JAN-87','DD-MON-RR'),'Male','Barak','Sattyapur','Salampur','Borguna',to_date('15-JAN-05','DD-MON-RR'),2,9,1,1,'No','No','Serving','Soldier',136);
Insert into UMS.SOLDIER (SOLDIERID,PASSWORD,NAME,MARITALSTATUS,BLOODGROUP,WEIGHT,HEIGHT,RELIGION,DATEOFBIRTH,GENDER,LIVINGSTATUS,VILLAGE,THANA,DISTRICT,DATEOFENROLL,TRADEID,RANKID,COMPANYID,ISPRESENT,TEMPORARYCOMMAND,ERE,SERVINGSTATUS,ACCESSROLE,AGE) values (161025,null,'Nazim','Married','AB+',140,160,'Hindu',to_date('08-MAY-90','DD-MON-RR'),'Male','Outliving','Kalsi','Birol','Sylhet',to_date('14-MAR-98','DD-MON-RR'),3,9,4,1,'No','No','Serving','Soldier',33);
Insert into UMS.SOLDIER (SOLDIERID,PASSWORD,NAME,MARITALSTATUS,BLOODGROUP,WEIGHT,HEIGHT,RELIGION,DATEOFBIRTH,GENDER,LIVINGSTATUS,VILLAGE,THANA,DISTRICT,DATEOFENROLL,TRADEID,RANKID,COMPANYID,ISPRESENT,TEMPORARYCOMMAND,ERE,SERVINGSTATUS,ACCESSROLE,AGE) values (161044,null,'Asim','Married','O+',140,145,'Christian',to_date('11-MAR-89','DD-MON-RR'),'Male','Barak','Sathia','Bogura','Bogura',to_date('02-FEB-02','DD-MON-RR'),5,10,4,1,'No','No','Serving','Soldier',34);
Insert into UMS.SOLDIER (SOLDIERID,PASSWORD,NAME,MARITALSTATUS,BLOODGROUP,WEIGHT,HEIGHT,RELIGION,DATEOFBIRTH,GENDER,LIVINGSTATUS,VILLAGE,THANA,DISTRICT,DATEOFENROLL,TRADEID,RANKID,COMPANYID,ISPRESENT,TEMPORARYCOMMAND,ERE,SERVINGSTATUS,ACCESSROLE,AGE) values (161023,null,'Kalim','Married','A+',130,144,'Islam',to_date('12-JAN-95','DD-MON-RR'),'Male','Inliving','Puthia','Dhaka','Khulna',to_date('12-JUN-05','DD-MON-RR'),2,11,4,1,'No','No','Serving','Soldier',28);
Insert into UMS.SOLDIER (SOLDIERID,PASSWORD,NAME,MARITALSTATUS,BLOODGROUP,WEIGHT,HEIGHT,RELIGION,DATEOFBIRTH,GENDER,LIVINGSTATUS,VILLAGE,THANA,DISTRICT,DATEOFENROLL,TRADEID,RANKID,COMPANYID,ISPRESENT,TEMPORARYCOMMAND,ERE,SERVINGSTATUS,ACCESSROLE,AGE) values (161049,null,'Goni','Married','B+',138,176,'Islam',to_date('01-JUN-90','DD-MON-RR'),'Male','Outliving','Mirpur','Mollapur','Dhaka',to_date('03-SEP-00','DD-MON-RR'),4,8,4,1,'No','No','Serving','Soldier',33);
Insert into UMS.SOLDIER (SOLDIERID,PASSWORD,NAME,MARITALSTATUS,BLOODGROUP,WEIGHT,HEIGHT,RELIGION,DATEOFBIRTH,GENDER,LIVINGSTATUS,VILLAGE,THANA,DISTRICT,DATEOFENROLL,TRADEID,RANKID,COMPANYID,ISPRESENT,TEMPORARYCOMMAND,ERE,SERVINGSTATUS,ACCESSROLE,AGE) values (161052,null,'Rafiq','Married','AB-',153,170,'Islam',to_date('23-OCT-89','DD-MON-RR'),'Male','Barak','Gopalpur','Ghatail','Tangail',to_date('01-JUN-08','DD-MON-RR'),2,10,1,1,'No','No','Serving','Soldier',33);
Insert into UMS.SOLDIER (SOLDIERID,PASSWORD,NAME,MARITALSTATUS,BLOODGROUP,WEIGHT,HEIGHT,RELIGION,DATEOFBIRTH,GENDER,LIVINGSTATUS,VILLAGE,THANA,DISTRICT,DATEOFENROLL,TRADEID,RANKID,COMPANYID,ISPRESENT,TEMPORARYCOMMAND,ERE,SERVINGSTATUS,ACCESSROLE,AGE) values (161033,null,'Kalim','Unmarried','A+',130,156,'Islam',to_date('12-MAR-02','DD-MON-RR'),'Male','Barak','Poba','Nator','Nator',to_date('12-JAN-22','DD-MON-RR'),4,12,4,1,'No','No','Serving','Soldier',21);
Insert into UMS.SOLDIER (SOLDIERID,PASSWORD,NAME,MARITALSTATUS,BLOODGROUP,WEIGHT,HEIGHT,RELIGION,DATEOFBIRTH,GENDER,LIVINGSTATUS,VILLAGE,THANA,DISTRICT,DATEOFENROLL,TRADEID,RANKID,COMPANYID,ISPRESENT,TEMPORARYCOMMAND,ERE,SERVINGSTATUS,ACCESSROLE,AGE) values (161042,null,'Sadat','Unmarried','O+',140,160,'Islam',to_date('12-DEC-96','DD-MON-RR'),'Male','Outliving','Birol','Dizni','Sylhet',to_date('02-JUL-00','DD-MON-RR'),5,11,3,1,'No','No','Serving','Soldier',26);
Insert into UMS.SOLDIER (SOLDIERID,PASSWORD,NAME,MARITALSTATUS,BLOODGROUP,WEIGHT,HEIGHT,RELIGION,DATEOFBIRTH,GENDER,LIVINGSTATUS,VILLAGE,THANA,DISTRICT,DATEOFENROLL,TRADEID,RANKID,COMPANYID,ISPRESENT,TEMPORARYCOMMAND,ERE,SERVINGSTATUS,ACCESSROLE,AGE) values (161053,null,'Zakaria','Married','B+',150,174,'Islam',to_date('12-DEC-87','DD-MON-RR'),'Male','Barak','Gopalpur','Ghatail','Tangail',to_date('06-JUN-08','DD-MON-RR'),3,11,1,1,'No','No','Serving','Soldier',35);
Insert into UMS.SOLDIER (SOLDIERID,PASSWORD,NAME,MARITALSTATUS,BLOODGROUP,WEIGHT,HEIGHT,RELIGION,DATEOFBIRTH,GENDER,LIVINGSTATUS,VILLAGE,THANA,DISTRICT,DATEOFENROLL,TRADEID,RANKID,COMPANYID,ISPRESENT,TEMPORARYCOMMAND,ERE,SERVINGSTATUS,ACCESSROLE,AGE) values (161037,null,'Bimol','Married','B+',140,160,'Islam',to_date('04-DEC-88','DD-MON-RR'),'Male','Inliving','Chapai','Dubai','Feni',to_date('04-JUN-95','DD-MON-RR'),6,9,3,1,'No','No','Serving','Soldier',34);
Insert into UMS.SOLDIER (SOLDIERID,PASSWORD,NAME,MARITALSTATUS,BLOODGROUP,WEIGHT,HEIGHT,RELIGION,DATEOFBIRTH,GENDER,LIVINGSTATUS,VILLAGE,THANA,DISTRICT,DATEOFENROLL,TRADEID,RANKID,COMPANYID,ISPRESENT,TEMPORARYCOMMAND,ERE,SERVINGSTATUS,ACCESSROLE,AGE) values (7068,7068,'Salahuddin','Married','B+',168,177,'Islam',to_date('05-APR-83','DD-MON-RR'),'Male','Inliving','Nagarpur','Barida','Naogaon',to_date('28-DEC-05','DD-MON-RR'),1,1,1,1,'No','No','Serving','admin',40);
Insert into UMS.SOLDIER (SOLDIERID,PASSWORD,NAME,MARITALSTATUS,BLOODGROUP,WEIGHT,HEIGHT,RELIGION,DATEOFBIRTH,GENDER,LIVINGSTATUS,VILLAGE,THANA,DISTRICT,DATEOFENROLL,TRADEID,RANKID,COMPANYID,ISPRESENT,TEMPORARYCOMMAND,ERE,SERVINGSTATUS,ACCESSROLE,AGE) values (161000,null,'Polas','Married','O+',140,168,'Islam',to_date('01-JAN-80','DD-MON-RR'),'Male','Inliving','Cumilla','Cumilla','Cumilla',to_date('01-NOV-95','DD-MON-RR'),5,7,4,1,'No','No','Serving','Soldier',43);
Insert into UMS.SOLDIER (SOLDIERID,PASSWORD,NAME,MARITALSTATUS,BLOODGROUP,WEIGHT,HEIGHT,RELIGION,DATEOFBIRTH,GENDER,LIVINGSTATUS,VILLAGE,THANA,DISTRICT,DATEOFENROLL,TRADEID,RANKID,COMPANYID,ISPRESENT,TEMPORARYCOMMAND,ERE,SERVINGSTATUS,ACCESSROLE,AGE) values (161001,null,'Mokhles','Married','B+',220,178,'Islam',to_date('05-FEB-69','DD-MON-RR'),'Male','Inliving','Pathrail','Tangail','Tangail',to_date('01-JAN-88','DD-MON-RR'),2,6,1,1,'No','No','Serving','Soldier',54);
Insert into UMS.SOLDIER (SOLDIERID,PASSWORD,NAME,MARITALSTATUS,BLOODGROUP,WEIGHT,HEIGHT,RELIGION,DATEOFBIRTH,GENDER,LIVINGSTATUS,VILLAGE,THANA,DISTRICT,DATEOFENROLL,TRADEID,RANKID,COMPANYID,ISPRESENT,TEMPORARYCOMMAND,ERE,SERVINGSTATUS,ACCESSROLE,AGE) values (161020,null,'Hosen','Married','B+',135,160,'Islam',to_date('01-MAR-80','DD-MON-RR'),'Male','Outliving','Bagicha','Segun','Dhaka',to_date('01-JUN-98','DD-MON-RR'),3,9,3,0,'No','No','Serving','Soldier',43);
Insert into UMS.SOLDIER (SOLDIERID,PASSWORD,NAME,MARITALSTATUS,BLOODGROUP,WEIGHT,HEIGHT,RELIGION,DATEOFBIRTH,GENDER,LIVINGSTATUS,VILLAGE,THANA,DISTRICT,DATEOFENROLL,TRADEID,RANKID,COMPANYID,ISPRESENT,TEMPORARYCOMMAND,ERE,SERVINGSTATUS,ACCESSROLE,AGE) values (161050,null,'Rabbani','Married','AB+',170,178,'Islam',to_date('01-JAN-75','DD-MON-RR'),'Male','Barak','Boroigram','Karimpur','Barishal',to_date('01-JAN-95','DD-MON-RR'),8,9,1,1,'No','No','Serving','Soldier',48);
Insert into UMS.SOLDIER (SOLDIERID,PASSWORD,NAME,MARITALSTATUS,BLOODGROUP,WEIGHT,HEIGHT,RELIGION,DATEOFBIRTH,GENDER,LIVINGSTATUS,VILLAGE,THANA,DISTRICT,DATEOFENROLL,TRADEID,RANKID,COMPANYID,ISPRESENT,TEMPORARYCOMMAND,ERE,SERVINGSTATUS,ACCESSROLE,AGE) values (161054,null,'Raihan','Unmarried','B+',145,170,'Islam',to_date('08-SEP-00','DD-MON-RR'),'Male','Barak','Gopalpur','Sujanagar','Netrokona',to_date('01-JAN-19','DD-MON-RR'),2,12,1,1,'No','No','Serving','Soldier',22);
Insert into UMS.SOLDIER (SOLDIERID,PASSWORD,NAME,MARITALSTATUS,BLOODGROUP,WEIGHT,HEIGHT,RELIGION,DATEOFBIRTH,GENDER,LIVINGSTATUS,VILLAGE,THANA,DISTRICT,DATEOFENROLL,TRADEID,RANKID,COMPANYID,ISPRESENT,TEMPORARYCOMMAND,ERE,SERVINGSTATUS,ACCESSROLE,AGE) values (161019,null,'Sohel','Unmarried','B+',140,170,'Islam',to_date('04-JAN-20','DD-MON-RR'),'Male','Barak','Gazipur','Hajipur','Tangail',to_date('06-MAR-20','DD-MON-RR'),5,12,4,1,'No','No','Serving','Soldier',3);
Insert into UMS.SOLDIER (SOLDIERID,PASSWORD,NAME,MARITALSTATUS,BLOODGROUP,WEIGHT,HEIGHT,RELIGION,DATEOFBIRTH,GENDER,LIVINGSTATUS,VILLAGE,THANA,DISTRICT,DATEOFENROLL,TRADEID,RANKID,COMPANYID,ISPRESENT,TEMPORARYCOMMAND,ERE,SERVINGSTATUS,ACCESSROLE,AGE) values (161056,null,'Jomjom','Unmarried','AB+',190,168,'Hindu',to_date('22-DEC-02','DD-MON-RR'),'Male','Barak','Sujanagar','Kafrul','Rangpur',to_date('01-JAN-20','DD-MON-RR'),4,12,1,1,'No','No','Serving','Soldier',20);
Insert into UMS.SOLDIER (SOLDIERID,PASSWORD,NAME,MARITALSTATUS,BLOODGROUP,WEIGHT,HEIGHT,RELIGION,DATEOFBIRTH,GENDER,LIVINGSTATUS,VILLAGE,THANA,DISTRICT,DATEOFENROLL,TRADEID,RANKID,COMPANYID,ISPRESENT,TEMPORARYCOMMAND,ERE,SERVINGSTATUS,ACCESSROLE,AGE) values (161048,null,'Molla','Married','O+',130,164,'Islam',to_date('06-FEB-97','DD-MON-RR'),'Male','Inliving','Bogura','Nator','Rajshahi',to_date('07-MAY-15','DD-MON-RR'),4,12,4,1,'No','No','Serving','Soldier',26);
Insert into UMS.SOLDIER (SOLDIERID,PASSWORD,NAME,MARITALSTATUS,BLOODGROUP,WEIGHT,HEIGHT,RELIGION,DATEOFBIRTH,GENDER,LIVINGSTATUS,VILLAGE,THANA,DISTRICT,DATEOFENROLL,TRADEID,RANKID,COMPANYID,ISPRESENT,TEMPORARYCOMMAND,ERE,SERVINGSTATUS,ACCESSROLE,AGE) values (161070,null,'Nafis','Married','O+',295,178,'Islam',to_date('09-JAN-70','DD-MON-RR'),'Male','Inliving','Gaogram','Boroda','Netrokona',to_date('09-JAN-90','DD-MON-RR'),3,7,5,1,'No','No','Serving','Soldier',53);
Insert into UMS.SOLDIER (SOLDIERID,PASSWORD,NAME,MARITALSTATUS,BLOODGROUP,WEIGHT,HEIGHT,RELIGION,DATEOFBIRTH,GENDER,LIVINGSTATUS,VILLAGE,THANA,DISTRICT,DATEOFENROLL,TRADEID,RANKID,COMPANYID,ISPRESENT,TEMPORARYCOMMAND,ERE,SERVINGSTATUS,ACCESSROLE,AGE) values (161071,null,'Sabbir','Married','A+',156,170,'Islam',to_date('04-FEB-81','DD-MON-RR'),'Male','Inliving','Gopalpur','Boroda','Pabna',to_date('04-JAN-00','DD-MON-RR'),5,9,5,1,'No','No','Serving','Soldier',42);
Insert into UMS.SOLDIER (SOLDIERID,PASSWORD,NAME,MARITALSTATUS,BLOODGROUP,WEIGHT,HEIGHT,RELIGION,DATEOFBIRTH,GENDER,LIVINGSTATUS,VILLAGE,THANA,DISTRICT,DATEOFENROLL,TRADEID,RANKID,COMPANYID,ISPRESENT,TEMPORARYCOMMAND,ERE,SERVINGSTATUS,ACCESSROLE,AGE) values (161040,null,'Firoza','Married','A+',150,180,'Islam',to_date('03-JAN-98','DD-MON-RR'),'Female','Outliving','Poba','Rajpara','Barishal',to_date('01-MAY-13','DD-MON-RR'),2,11,4,1,'No','No','Serving','Soldier',25);
Insert into UMS.SOLDIER (SOLDIERID,PASSWORD,NAME,MARITALSTATUS,BLOODGROUP,WEIGHT,HEIGHT,RELIGION,DATEOFBIRTH,GENDER,LIVINGSTATUS,VILLAGE,THANA,DISTRICT,DATEOFENROLL,TRADEID,RANKID,COMPANYID,ISPRESENT,TEMPORARYCOMMAND,ERE,SERVINGSTATUS,ACCESSROLE,AGE) values (161072,null,'Sadiq','Married','AB-',170,184,'Islam',to_date('06-SEP-85','DD-MON-RR'),'Male','Outliving','Mirpur 14','Kafrul','Dhaka',to_date('11-SEP-05','DD-MON-RR'),3,10,5,1,'No','No','Serving','Soldier',37);
Insert into UMS.SOLDIER (SOLDIERID,PASSWORD,NAME,MARITALSTATUS,BLOODGROUP,WEIGHT,HEIGHT,RELIGION,DATEOFBIRTH,GENDER,LIVINGSTATUS,VILLAGE,THANA,DISTRICT,DATEOFENROLL,TRADEID,RANKID,COMPANYID,ISPRESENT,TEMPORARYCOMMAND,ERE,SERVINGSTATUS,ACCESSROLE,AGE) values (161073,null,'Jannat','Unmarried','B+',120,155,'Islam',to_date('08-MAR-98','DD-MON-RR'),'Female','Barak','Gopalpur','Kafrul','Rangpur',to_date('20-SEP-17','DD-MON-RR'),3,11,5,1,'No','No','Serving','Soldier',25);
Insert into UMS.SOLDIER (SOLDIERID,PASSWORD,NAME,MARITALSTATUS,BLOODGROUP,WEIGHT,HEIGHT,RELIGION,DATEOFBIRTH,GENDER,LIVINGSTATUS,VILLAGE,THANA,DISTRICT,DATEOFENROLL,TRADEID,RANKID,COMPANYID,ISPRESENT,TEMPORARYCOMMAND,ERE,SERVINGSTATUS,ACCESSROLE,AGE) values (161077,null,'Foysal','Unmarried','A-',198,168,'Islam',to_date('28-SEP-00','DD-MON-RR'),'Male','Barak','Mirpur 14','Ghatail','Pabna',to_date('08-SEP-20','DD-MON-RR'),5,12,5,1,'No','No','Serving','Soldier',22);
Insert into UMS.SOLDIER (SOLDIERID,PASSWORD,NAME,MARITALSTATUS,BLOODGROUP,WEIGHT,HEIGHT,RELIGION,DATEOFBIRTH,GENDER,LIVINGSTATUS,VILLAGE,THANA,DISTRICT,DATEOFENROLL,TRADEID,RANKID,COMPANYID,ISPRESENT,TEMPORARYCOMMAND,ERE,SERVINGSTATUS,ACCESSROLE,AGE) values (171011,null,'Kajol','Married','AB-',150,170,'Islam',to_date('01-MAY-78','DD-MON-RR'),'Male','Inliving','Poba','Demra','Bogura',to_date('07-FEB-95','DD-MON-RR'),2,7,3,1,'No','No','Serving','Soldier',1845);
Insert into UMS.SOLDIER (SOLDIERID,PASSWORD,NAME,MARITALSTATUS,BLOODGROUP,WEIGHT,HEIGHT,RELIGION,DATEOFBIRTH,GENDER,LIVINGSTATUS,VILLAGE,THANA,DISTRICT,DATEOFENROLL,TRADEID,RANKID,COMPANYID,ISPRESENT,TEMPORARYCOMMAND,ERE,SERVINGSTATUS,ACCESSROLE,AGE) values (171039,null,'Bishal','Married','A+',130,150,'Hindu',to_date('01-JAN-99','DD-MON-RR'),'Male','Inliving','Badda','Kalia','Nator',to_date('03-AUG-17','DD-MON-RR'),2,12,3,1,'No','No','Serving','Soldier',1824);
Insert into UMS.SOLDIER (SOLDIERID,PASSWORD,NAME,MARITALSTATUS,BLOODGROUP,WEIGHT,HEIGHT,RELIGION,DATEOFBIRTH,GENDER,LIVINGSTATUS,VILLAGE,THANA,DISTRICT,DATEOFENROLL,TRADEID,RANKID,COMPANYID,ISPRESENT,TEMPORARYCOMMAND,ERE,SERVINGSTATUS,ACCESSROLE,AGE) values (171045,null,'Bappi','Unmarried','B+',130,178,'Islam',to_date('01-JAN-00','DD-MON-RR'),'Male','Inliving','Alipur','Mirpur','Dinajpur',to_date('06-APR-18','DD-MON-RR'),2,12,3,1,'No','No','Serving','Soldier',23);
Insert into UMS.SOLDIER (SOLDIERID,PASSWORD,NAME,MARITALSTATUS,BLOODGROUP,WEIGHT,HEIGHT,RELIGION,DATEOFBIRTH,GENDER,LIVINGSTATUS,VILLAGE,THANA,DISTRICT,DATEOFENROLL,TRADEID,RANKID,COMPANYID,ISPRESENT,TEMPORARYCOMMAND,ERE,SERVINGSTATUS,ACCESSROLE,AGE) values (171050,null,'Nipa','Unmarried','B+',120,150,'Hindu',to_date('01-FEB-00','DD-MON-RR'),'Female','Barak','Sathia','Nator','Dhaka',to_date('01-JUN-18','DD-MON-RR'),3,12,3,1,'No','No','Serving','Soldier',23);
Insert into UMS.SOLDIER (SOLDIERID,PASSWORD,NAME,MARITALSTATUS,BLOODGROUP,WEIGHT,HEIGHT,RELIGION,DATEOFBIRTH,GENDER,LIVINGSTATUS,VILLAGE,THANA,DISTRICT,DATEOFENROLL,TRADEID,RANKID,COMPANYID,ISPRESENT,TEMPORARYCOMMAND,ERE,SERVINGSTATUS,ACCESSROLE,AGE) values (171010,null,'Rajib','Married','A+',140,180,'Islam',to_date('01-FEB-85','DD-MON-RR'),'Male','Inliving','Sathia','Demra','Bogura',to_date('01-FEB-96','DD-MON-RR'),2,7,2,1,'No','No','Serving','Soldier',38);
Insert into UMS.SOLDIER (SOLDIERID,PASSWORD,NAME,MARITALSTATUS,BLOODGROUP,WEIGHT,HEIGHT,RELIGION,DATEOFBIRTH,GENDER,LIVINGSTATUS,VILLAGE,THANA,DISTRICT,DATEOFENROLL,TRADEID,RANKID,COMPANYID,ISPRESENT,TEMPORARYCOMMAND,ERE,SERVINGSTATUS,ACCESSROLE,AGE) values (161074,null,'Abrar','Married','B+',156,172,'Islam',to_date('23-SEP-82','DD-MON-RR'),'Male','Barak','Sujanagar','Pallabi','Rangpur',to_date('23-AUG-02','DD-MON-RR'),3,9,5,1,'No','No','Serving','Soldier',40);
Insert into UMS.SOLDIER (SOLDIERID,PASSWORD,NAME,MARITALSTATUS,BLOODGROUP,WEIGHT,HEIGHT,RELIGION,DATEOFBIRTH,GENDER,LIVINGSTATUS,VILLAGE,THANA,DISTRICT,DATEOFENROLL,TRADEID,RANKID,COMPANYID,ISPRESENT,TEMPORARYCOMMAND,ERE,SERVINGSTATUS,ACCESSROLE,AGE) values (171025,null,'Hasan','Married','AB+',135,180,'Islam',to_date('03-MAR-80','DD-MON-RR'),'Male','Inliving','Mohakhali','Mirpur','Dinajpur',to_date('01-JUN-00','DD-MON-RR'),4,9,2,1,'No','No','Serving','Soldier',43);
Insert into UMS.SOLDIER (SOLDIERID,PASSWORD,NAME,MARITALSTATUS,BLOODGROUP,WEIGHT,HEIGHT,RELIGION,DATEOFBIRTH,GENDER,LIVINGSTATUS,VILLAGE,THANA,DISTRICT,DATEOFENROLL,TRADEID,RANKID,COMPANYID,ISPRESENT,TEMPORARYCOMMAND,ERE,SERVINGSTATUS,ACCESSROLE,AGE) values (171027,null,'Noman','Married','B+',120,160,'Islam',to_date('01-AUG-85','DD-MON-RR'),'Male','Outliving','Kalsi','Demra','Khulna',to_date('01-JUL-01','DD-MON-RR'),2,9,2,1,'No','No','Serving','Soldier',37);
Insert into UMS.SOLDIER (SOLDIERID,PASSWORD,NAME,MARITALSTATUS,BLOODGROUP,WEIGHT,HEIGHT,RELIGION,DATEOFBIRTH,GENDER,LIVINGSTATUS,VILLAGE,THANA,DISTRICT,DATEOFENROLL,TRADEID,RANKID,COMPANYID,ISPRESENT,TEMPORARYCOMMAND,ERE,SERVINGSTATUS,ACCESSROLE,AGE) values (171030,null,'Asad','Married','A+',120,155,'Islam',to_date('07-JUL-95','DD-MON-RR'),'Male','Barak','Poba','Demra','Nator',to_date('03-JUL-14','DD-MON-RR'),4,10,2,1,'No','No','Serving','Soldier',27);
Insert into UMS.SOLDIER (SOLDIERID,PASSWORD,NAME,MARITALSTATUS,BLOODGROUP,WEIGHT,HEIGHT,RELIGION,DATEOFBIRTH,GENDER,LIVINGSTATUS,VILLAGE,THANA,DISTRICT,DATEOFENROLL,TRADEID,RANKID,COMPANYID,ISPRESENT,TEMPORARYCOMMAND,ERE,SERVINGSTATUS,ACCESSROLE,AGE) values (171033,null,'Nasim','Married','A+',140,170,'Islam',to_date('03-SEP-90','DD-MON-RR'),'Male','Barak','Badda','Kalia','Sylhet',to_date('02-SEP-05','DD-MON-RR'),5,10,2,1,'No','No','Serving','Soldier',32);
Insert into UMS.SOLDIER (SOLDIERID,PASSWORD,NAME,MARITALSTATUS,BLOODGROUP,WEIGHT,HEIGHT,RELIGION,DATEOFBIRTH,GENDER,LIVINGSTATUS,VILLAGE,THANA,DISTRICT,DATEOFENROLL,TRADEID,RANKID,COMPANYID,ISPRESENT,TEMPORARYCOMMAND,ERE,SERVINGSTATUS,ACCESSROLE,AGE) values (171037,null,'Badsa','Married','A+',135,175,'Islam',to_date('02-MAR-85','DD-MON-RR'),'Male','Outliving','Mohakhali','Nator','Khulna',to_date('03-APR-02','DD-MON-RR'),7,10,5,1,'No','No','Serving','Soldier',38);
Insert into UMS.SOLDIER (SOLDIERID,PASSWORD,NAME,MARITALSTATUS,BLOODGROUP,WEIGHT,HEIGHT,RELIGION,DATEOFBIRTH,GENDER,LIVINGSTATUS,VILLAGE,THANA,DISTRICT,DATEOFENROLL,TRADEID,RANKID,COMPANYID,ISPRESENT,TEMPORARYCOMMAND,ERE,SERVINGSTATUS,ACCESSROLE,AGE) values (171044,null,'Kasem','Married','A+',130,160,'Islam',to_date('05-MAR-90','DD-MON-RR'),'Male','Inliving','Badda','Kalia','Bogura',to_date('03-JUL-10','DD-MON-RR'),5,11,2,0,'No','No','Serving','Soldier',33);
Insert into UMS.SOLDIER (SOLDIERID,PASSWORD,NAME,MARITALSTATUS,BLOODGROUP,WEIGHT,HEIGHT,RELIGION,DATEOFBIRTH,GENDER,LIVINGSTATUS,VILLAGE,THANA,DISTRICT,DATEOFENROLL,TRADEID,RANKID,COMPANYID,ISPRESENT,TEMPORARYCOMMAND,ERE,SERVINGSTATUS,ACCESSROLE,AGE) values (171077,null,'Talha','Unmarried','AB+',130,156,'Islam',to_date('08-MAY-00','DD-MON-RR'),'Male','Barak','Poba','Demra','Dinajpur',to_date('01-APR-18','DD-MON-RR'),5,12,2,0,'No','No','Serving','Soldier',23);
Insert into UMS.SOLDIER (SOLDIERID,PASSWORD,NAME,MARITALSTATUS,BLOODGROUP,WEIGHT,HEIGHT,RELIGION,DATEOFBIRTH,GENDER,LIVINGSTATUS,VILLAGE,THANA,DISTRICT,DATEOFENROLL,TRADEID,RANKID,COMPANYID,ISPRESENT,TEMPORARYCOMMAND,ERE,SERVINGSTATUS,ACCESSROLE,AGE) values (161076,null,'Sharmin','Unmarried','B+',115,164,'Islam',to_date('21-MAR-20','DD-MON-RR'),'Female','Barak','Khalpar','Diabari','Rajshahi',to_date('31-DEC-18','DD-MON-RR'),3,12,5,1,'No','No','Serving','Soldier',3);
Insert into UMS.SOLDIER (SOLDIERID,PASSWORD,NAME,MARITALSTATUS,BLOODGROUP,WEIGHT,HEIGHT,RELIGION,DATEOFBIRTH,GENDER,LIVINGSTATUS,VILLAGE,THANA,DISTRICT,DATEOFENROLL,TRADEID,RANKID,COMPANYID,ISPRESENT,TEMPORARYCOMMAND,ERE,SERVINGSTATUS,ACCESSROLE,AGE) values (171066,null,'Josim','Unmarried','A+',130,150,'Islam',to_date('01-FEB-20','DD-MON-RR'),'Male','Barak','Mohakhali','Birol','Khulna',to_date('01-MAR-19','DD-MON-RR'),5,12,2,1,'No','No','Serving','Soldier',3);
Insert into UMS.SOLDIER (SOLDIERID,PASSWORD,NAME,MARITALSTATUS,BLOODGROUP,WEIGHT,HEIGHT,RELIGION,DATEOFBIRTH,GENDER,LIVINGSTATUS,VILLAGE,THANA,DISTRICT,DATEOFENROLL,TRADEID,RANKID,COMPANYID,ISPRESENT,TEMPORARYCOMMAND,ERE,SERVINGSTATUS,ACCESSROLE,AGE) values (161078,null,'Marzun','Married','B+',156,170,'Islam',to_date('13-JAN-98','DD-MON-RR'),'Male','Outliving','Mirpur 13','Kafrul','Dhaka',to_date('22-MAR-16','DD-MON-RR'),4,11,5,1,'No','No','Serving','Soldier',25);
REM INSERTING into UMS.SOLDIERADVANCEDTRAINING
SET DEFINE OFF;
REM INSERTING into UMS.SOLDIERAPPOINTMENT
SET DEFINE OFF;
Insert into UMS.SOLDIERAPPOINTMENT (SOLDIERID,APPOINTMENTID) values (171027,16);
Insert into UMS.SOLDIERAPPOINTMENT (SOLDIERID,APPOINTMENTID) values (9388,15);
Insert into UMS.SOLDIERAPPOINTMENT (SOLDIERID,APPOINTMENTID) values (9388,5);
Insert into UMS.SOLDIERAPPOINTMENT (SOLDIERID,APPOINTMENTID) values (11411,5);
Insert into UMS.SOLDIERAPPOINTMENT (SOLDIERID,APPOINTMENTID) values (9090,5);
Insert into UMS.SOLDIERAPPOINTMENT (SOLDIERID,APPOINTMENTID) values (9310,5);
Insert into UMS.SOLDIERAPPOINTMENT (SOLDIERID,APPOINTMENTID) values (161051,8);
Insert into UMS.SOLDIERAPPOINTMENT (SOLDIERID,APPOINTMENTID) values (161044,17);
Insert into UMS.SOLDIERAPPOINTMENT (SOLDIERID,APPOINTMENTID) values (7068,1);
Insert into UMS.SOLDIERAPPOINTMENT (SOLDIERID,APPOINTMENTID) values (11411,3);
Insert into UMS.SOLDIERAPPOINTMENT (SOLDIERID,APPOINTMENTID) values (11507,4);
Insert into UMS.SOLDIERAPPOINTMENT (SOLDIERID,APPOINTMENTID) values (161050,7);
Insert into UMS.SOLDIERAPPOINTMENT (SOLDIERID,APPOINTMENTID) values (161001,6);
Insert into UMS.SOLDIERAPPOINTMENT (SOLDIERID,APPOINTMENTID) values (161070,9);
Insert into UMS.SOLDIERAPPOINTMENT (SOLDIERID,APPOINTMENTID) values (161054,12);
Insert into UMS.SOLDIERAPPOINTMENT (SOLDIERID,APPOINTMENTID) values (171044,12);
Insert into UMS.SOLDIERAPPOINTMENT (SOLDIERID,APPOINTMENTID) values (161074,10);
Insert into UMS.SOLDIERAPPOINTMENT (SOLDIERID,APPOINTMENTID) values (171045,12);
Insert into UMS.SOLDIERAPPOINTMENT (SOLDIERID,APPOINTMENTID) values (161072,12);
Insert into UMS.SOLDIERAPPOINTMENT (SOLDIERID,APPOINTMENTID) values (161000,12);
Insert into UMS.SOLDIERAPPOINTMENT (SOLDIERID,APPOINTMENTID) values (171045,12);
REM INSERTING into UMS.SOLDIERBASICTRAINING
SET DEFINE OFF;
REM INSERTING into UMS.SOLDIERTEAM
SET DEFINE OFF;
Insert into UMS.SOLDIERTEAM (SOLDIERID,TEAMID) values (161011,1);
Insert into UMS.SOLDIERTEAM (SOLDIERID,TEAMID) values (161025,1);
Insert into UMS.SOLDIERTEAM (SOLDIERID,TEAMID) values (161044,1);
Insert into UMS.SOLDIERTEAM (SOLDIERID,TEAMID) values (161023,1);
Insert into UMS.SOLDIERTEAM (SOLDIERID,TEAMID) values (161048,1);
Insert into UMS.SOLDIERTEAM (SOLDIERID,TEAMID) values (171010,1);
Insert into UMS.SOLDIERTEAM (SOLDIERID,TEAMID) values (171025,1);
Insert into UMS.SOLDIERTEAM (SOLDIERID,TEAMID) values (171030,1);
Insert into UMS.SOLDIERTEAM (SOLDIERID,TEAMID) values (171037,1);
Insert into UMS.SOLDIERTEAM (SOLDIERID,TEAMID) values (171066,1);
Insert into UMS.SOLDIERTEAM (SOLDIERID,TEAMID) values (161078,1);
Insert into UMS.SOLDIERTEAM (SOLDIERID,TEAMID) values (161051,2);
Insert into UMS.SOLDIERTEAM (SOLDIERID,TEAMID) values (161049,2);
Insert into UMS.SOLDIERTEAM (SOLDIERID,TEAMID) values (161053,2);
Insert into UMS.SOLDIERTEAM (SOLDIERID,TEAMID) values (161037,2);
Insert into UMS.SOLDIERTEAM (SOLDIERID,TEAMID) values (161020,2);
Insert into UMS.SOLDIERTEAM (SOLDIERID,TEAMID) values (161050,2);
Insert into UMS.SOLDIERTEAM (SOLDIERID,TEAMID) values (161040,2);
Insert into UMS.SOLDIERTEAM (SOLDIERID,TEAMID) values (161073,2);
Insert into UMS.SOLDIERTEAM (SOLDIERID,TEAMID) values (161077,2);
Insert into UMS.SOLDIERTEAM (SOLDIERID,TEAMID) values (171011,2);
Insert into UMS.SOLDIERTEAM (SOLDIERID,TEAMID) values (171045,2);
Insert into UMS.SOLDIERTEAM (SOLDIERID,TEAMID) values (161074,2);
Insert into UMS.SOLDIERTEAM (SOLDIERID,TEAMID) values (171025,2);
Insert into UMS.SOLDIERTEAM (SOLDIERID,TEAMID) values (171027,2);
Insert into UMS.SOLDIERTEAM (SOLDIERID,TEAMID) values (171030,2);
Insert into UMS.SOLDIERTEAM (SOLDIERID,TEAMID) values (171033,2);
REM INSERTING into UMS.TEAM
SET DEFINE OFF;
Insert into UMS.TEAM (TEAMID,TEAMNAME,STARTDATE,ENDDATE,TEAMOIC) values (1,'Football',to_date('01-FEB-23','DD-MON-RR'),null,'Nofaer');
Insert into UMS.TEAM (TEAMID,TEAMNAME,STARTDATE,ENDDATE,TEAMOIC) values (2,'QRF',to_date('01-JAN-23','DD-MON-RR'),null,'Morshed');
REM INSERTING into UMS.TRADE
SET DEFINE OFF;
Insert into UMS.TRADE (TRADEID,TRADE) values (2,'Op');
Insert into UMS.TRADE (TRADEID,TRADE) values (3,'Tech');
Insert into UMS.TRADE (TRADEID,TRADE) values (4,'Dvr');
Insert into UMS.TRADE (TRADEID,TRADE) values (5,'WS');
Insert into UMS.TRADE (TRADEID,TRADE) values (6,'E&Br');
Insert into UMS.TRADE (TRADEID,TRADE) values (7,'Ck');
Insert into UMS.TRADE (TRADEID,TRADE) values (8,'Crypto');
Insert into UMS.TRADE (TRADEID,TRADE) values (1,'N/A');